순,이름,팀,WAR*,G,타석,타수,득점,안타,2타,3타,홈런,루타,타점,도루,도실,볼넷,사구,고4,삼진,병살,희타,희비,타율,출루,장타,OPS,wOBA,wRC+,WAR*,WPA
1,노시환,23한3B,6.93,131,595,514,85,153,30,1,31,278,101,2,1,74,4,5,118,13,0,3,.298,.388,.541,.929,.418,159.3,6.93,4.25
2,김혜성,23키2B,6.19,137,621,556,104,186,29,6,7,248,57,25,3,57,3,3,77,6,0,5,.335,.396,.446,.842,.392,142.1,6.19,2.50
3,최정,23S3B,5.78,128,552,471,94,140,31,0,29,258,87,7,3,59,15,6,87,12,1,6,.297,.388,.548,.936,.418,155.8,5.78,2.80
4,양의지,23두C,5.40,129,509,438,56,134,23,0,17,208,68,8,0,57,11,8,56,20,0,3,.306,.397,.475,.872,.399,151.9,5.40,0.59
5,오스틴,23L1B,5.22,139,583,520,87,163,29,4,23,269,95,7,3,53,3,2,75,11,0,7,.313,.376,.517,.893,.405,154.4,5.22,2.92
6,홍창기,23LRF,5.17,141,643,524,109,174,35,2,1,216,65,23,23,88,22,3,83,6,3,6,.332,.444,.412,.856,.407,152.0,5.17,4.72
7,구자욱,23삼RF,4.78,119,515,453,65,152,37,1,11,224,71,12,4,53,4,2,81,5,2,3,.336,.407,.494,.902,.414,153.2,4.78,3.58
8,소크라테스,23KCF,4.58,142,608,547,91,156,31,3,20,253,96,15,6,52,1,4,80,13,0,8,.285,.344,.463,.806,.366,125.7,4.58,1.92
9,손아섭,23NDH,4.39,140,609,551,97,187,36,3,5,244,65,14,3,50,2,2,67,10,1,5,.339,.393,.443,.836,.390,140.0,4.39,2.67
10,박건우,23NRF,4.25,130,533,458,70,146,34,2,12,220,85,7,5,56,9,0,71,14,1,9,.319,.397,.480,.877,.403,148.0,4.25,2.50
11,문보경,23L3B,4.13,131,542,469,77,141,29,5,10,210,72,9,9,58,2,2,83,5,9,4,.301,.377,.448,.825,.376,132.4,4.13,1.70
12,에레디아,23SLF,4.12,122,523,473,76,153,29,0,12,218,76,12,8,39,9,4,75,13,1,1,.323,.385,.461,.846,.391,140.7,4.12,3.78
13,박민우,23N2B,4.05,124,509,452,76,143,20,7,2,183,46,26,7,40,9,3,57,13,5,3,.316,.381,.405,.786,.366,124.2,4.05,1.52
14,정수빈,23두CF,3.89,137,583,498,75,143,14,11,2,185,33,39,8,64,7,1,63,2,12,2,.287,.375,.371,.746,.349,111.0,3.89,1.33
15,오지환,23LSS,3.89,126,502,422,65,113,24,3,8,167,62,16,7,64,8,0,82,4,4,4,.268,.372,.396,.767,.360,121.9,3.89,1.95
16,강민호,23삼C,3.80,125,495,434,60,126,19,0,16,193,77,6,1,49,6,4,65,17,1,5,.290,.366,.445,.811,.373,124.6,3.80,1.34
17,이정후,23키CF,3.70,86,387,330,50,105,23,2,6,150,45,6,3,49,3,7,23,1,0,5,.318,.406,.455,.860,.395,143.8,3.70,1.04
18,김도영,23K3B,3.70,84,385,340,72,103,20,5,7,154,47,25,4,38,1,1,62,14,2,4,.303,.371,.453,.824,.378,133.4,3.70,0.35
19,박찬호,23KSS,3.69,130,507,452,73,136,18,4,3,171,52,30,8,40,2,0,56,13,7,6,.301,.356,.378,.734,.342,108.4,3.69,1.25
20,나성범,23KRF,3.69,58,253,222,51,81,12,1,18,149,57,0,0,26,1,0,36,1,0,4,.365,.427,.671,1.098,.485,208.2,3.69,2.26
21,최형우,23KDH,3.68,121,508,431,64,130,27,1,17,210,81,0,0,65,8,1,83,5,0,4,.302,.400,.487,.887,.409,153.8,3.68,4.06
22,전준우,23롯DH,3.60,138,559,493,80,154,21,3,17,232,77,9,2,52,7,4,65,12,0,7,.312,.381,.471,.852,.391,140.8,3.60,2.65
23,마틴,23NCF,3.48,118,503,435,55,123,20,2,17,198,90,15,3,57,1,2,107,8,0,10,.283,.360,.455,.815,.373,126.5,3.48,1.00
24,박동원,23LC,3.41,130,481,409,54,102,17,1,20,181,75,0,1,49,7,3,90,7,8,8,.249,.334,.443,.777,.348,116.0,3.41,1.09
25,장성우,23KC,3.35,131,464,410,37,118,22,0,11,173,65,1,1,42,2,1,70,12,3,7,.288,.351,.422,.773,.356,114.6,3.35,0.19
26,알포드,23KLF,3.28,133,547,491,83,142,31,3,15,224,70,17,4,47,6,1,140,6,0,3,.289,.357,.456,.813,.375,126.9,3.28,0.61
27,황재균,23K3B,3.18,109,457,407,62,120,26,2,6,168,49,3,3,45,1,1,64,15,3,1,.295,.366,.413,.778,.363,119.2,3.18,1.89
28,로하스,23두LF,3.04,122,464,403,52,102,24,4,19,191,65,0,1,55,3,2,68,5,0,3,.253,.345,.474,.819,.372,134.3,3.04,1.21
29,문성주,23LLF,2.98,136,534,449,77,132,21,4,2,167,57,24,14,67,8,0,34,10,6,4,.294,.392,.372,.764,.363,122.3,2.98,0.59
30,안치홍,23롯2B,2.85,121,494,425,57,124,20,1,8,170,63,3,3,49,10,3,53,14,5,5,.292,.374,.400,.774,.360,119.1,2.85,1.97
31,최재훈,23한C,2.80,125,417,327,23,81,12,0,1,96,33,1,1,56,23,1,48,9,9,2,.248,.392,.294,.686,.338,104.7,2.80,0.28
32,박성한,23SSS,2.80,128,529,459,53,122,19,0,9,168,47,4,1,58,1,1,56,7,7,4,.266,.347,.366,.713,.334,101.8,2.80,1.53
33,양석환,23두1B,2.65,140,581,524,73,147,28,0,21,238,89,4,0,40,6,2,133,9,0,11,.281,.332,.454,.786,.358,124.1,2.65,1.64
34,채은성,23한1B,2.64,137,596,521,71,137,17,0,23,223,84,0,0,52,20,8,102,16,0,3,.263,.351,.428,.779,.358,118.6,2.64,2.17
35,이주형,23L키CF,2.60,69,243,215,32,70,13,4,6,109,36,3,1,19,5,2,53,4,2,2,.326,.390,.507,.897,.405,151.8,2.60,1.39
36,김선빈,23K2B,2.59,119,472,418,41,134,16,0,0,150,48,3,1,38,5,0,26,10,8,3,.321,.382,.359,.740,.351,113.0,2.59,1.24
37,김지찬,23삼2B,2.51,99,355,291,59,85,4,2,1,96,18,13,1,48,9,0,36,1,7,0,.292,.408,.330,.738,.358,116.8,2.51,0.30
38,피렐라,23삼LF,2.44,139,605,557,66,159,28,1,16,237,80,6,4,42,4,5,69,20,0,2,.285,.339,.425,.764,.352,110.8,2.44,0.03
39,도슨,23키CF,2.44,57,261,229,37,77,14,2,3,104,29,9,2,18,9,0,41,3,0,5,.336,.399,.454,.853,.397,145.3,2.44,1.23
40,박병호,23K1B,2.39,132,493,431,53,122,15,0,18,191,87,2,0,46,8,2,114,9,0,8,.283,.357,.443,.800,.368,122.7,2.39,2.79
41,유강남,23롯C,2.30,121,403,352,45,92,13,0,10,135,55,1,1,37,8,1,64,13,2,4,.261,.342,.384,.725,.339,106.1,2.30,0.65
42,김상수,23KSS,2.29,129,512,443,58,120,19,1,3,150,56,5,6,55,3,0,68,9,8,3,.271,.353,.339,.692,.329,96.0,2.29,-0.21
43,김휘집,23키SS,2.26,110,435,369,46,92,22,0,8,138,51,0,0,48,5,0,97,8,6,7,.249,.338,.374,.712,.331,101.9,2.26,-0.79
44,권희동,23NLF,2.16,96,373,309,33,88,16,0,7,125,63,2,0,49,6,0,50,4,4,5,.285,.388,.405,.792,.371,126.3,2.16,1.25
45,노진혁,23롯SS,2.15,113,390,334,43,86,26,1,4,126,51,7,2,45,3,1,84,3,4,4,.257,.347,.377,.724,.338,103.0,2.15,2.31
46,허경민,23두3B,2.08,130,475,429,44,114,22,1,7,159,48,9,3,35,6,3,26,6,0,5,.266,.326,.371,.697,.326,98.9,2.08,-0.83
47,최지훈,23SCF,2.03,117,503,462,65,124,19,8,2,165,30,21,2,29,3,0,50,3,8,1,.268,.315,.357,.672,.312,90.5,2.03,-1.13
48,하재훈,23SLF,2.02,77,229,201,35,61,10,1,7,94,35,11,0,19,5,1,53,0,2,2,.303,.374,.468,.842,.384,135.2,2.02,0.51
49,이우성,23KRF,1.99,126,400,355,39,107,17,0,8,148,58,8,1,31,5,4,81,10,6,3,.301,.363,.417,.780,.356,118.3,1.99,1.56
50,추신수,23SDH,1.96,112,462,382,65,96,17,1,12,151,40,6,4,65,13,1,79,8,0,2,.251,.377,.395,.772,.367,123.0,1.96,0.89
51,김주원,23NSS,1.96,127,474,403,56,94,9,2,10,137,54,15,3,44,15,1,106,6,8,4,.233,.328,.340,.668,.314,88.1,1.96,-0.27
52,이진영,23한RF,1.93,121,422,358,57,89,22,0,10,141,50,5,0,53,2,0,127,4,4,5,.249,.345,.394,.738,.343,108.8,1.93,1.58
53,박해민,23LCF,1.92,144,558,485,80,138,14,2,6,174,59,26,12,45,3,0,74,7,24,1,.285,.348,.359,.707,.323,95.7,1.92,-0.26
54,김민혁,23KRF,1.88,113,448,397,68,118,20,3,3,153,41,11,4,36,3,0,48,4,7,5,.297,.356,.385,.741,.344,106.9,1.88,0.91
55,이재현,23삼SS,1.85,143,538,458,61,114,19,2,12,173,60,5,4,52,6,0,89,9,16,6,.249,.330,.378,.707,.323,91.8,1.85,0.57
56,박승욱,23롯2B,1.83,123,338,290,37,83,18,3,0,107,30,15,4,35,1,0,87,5,11,1,.286,.364,.369,.733,.339,101.9,1.83,0.45
57,김재호,23두SS,1.83,91,302,248,32,70,13,0,3,92,29,4,0,30,8,2,24,11,14,2,.282,.375,.371,.746,.339,107.0,1.83,0.57
58,서호철,23N3B,1.78,114,435,397,50,114,17,3,5,152,41,4,5,20,8,0,51,9,6,4,.287,.331,.383,.714,.330,99.9,1.78,0.15
59,배정대,23KCF,1.77,97,361,311,48,86,16,0,2,108,38,13,3,38,3,1,76,2,4,5,.277,.356,.347,.703,.332,98.0,1.77,1.15
60,김현수,23LDH,1.69,133,556,488,53,143,22,2,6,187,88,2,1,58,1,4,53,10,1,8,.293,.364,.383,.747,.350,114.1,1.69,1.61
61,이창진,23KLF,1.66,104,284,244,35,66,11,3,4,95,29,9,2,34,2,1,44,6,2,2,.270,.362,.389,.751,.351,115.0,1.66,-0.32
62,강승호,23두2B,1.66,127,458,418,51,111,18,6,7,162,59,13,6,27,6,0,109,12,4,3,.266,.317,.388,.705,.326,97.9,1.66,0.63
63,최주환,23S2B,1.62,134,478,426,48,100,24,0,20,184,63,0,0,43,5,4,94,6,1,3,.235,.310,.432,.742,.337,101.4,1.62,1.60
64,김성윤,23삼RF,1.61,101,272,245,40,77,4,6,2,99,28,20,4,14,4,0,35,2,4,5,.314,.355,.404,.759,.349,109.7,1.61,0.82
65,한유섬,23SRF,1.59,109,388,333,29,91,15,2,7,131,55,2,1,34,12,1,81,3,2,7,.273,.355,.393,.748,.349,112.5,1.59,1.14
66,문현빈,23한CF,1.55,137,481,428,47,114,22,2,5,155,49,5,1,33,6,2,84,7,9,5,.266,.324,.362,.686,.316,90.8,1.55,-0.21
67,류지혁,23K삼3B,1.38,132,522,455,63,122,11,1,2,141,45,26,2,46,6,1,73,12,10,5,.268,.340,.310,.650,.309,84.4,1.38,-1.92
68,도태훈,23N3B,1.36,117,302,239,41,56,6,0,5,77,23,2,1,38,17,1,48,8,7,1,.234,.376,.322,.698,.337,103.4,1.36,-0.31
69,러셀,23키SS,1.36,59,239,220,20,63,11,1,4,88,42,1,0,17,1,1,39,5,0,1,.286,.339,.400,.739,.345,110.6,1.36,1.45
70,송성문,23키3B,1.33,104,438,388,43,102,16,3,5,139,60,1,0,39,0,5,38,9,4,7,.263,.325,.358,.683,.314,89.2,1.33,-0.21
71,구드럼,23롯3B,1.33,50,201,173,16,51,14,1,0,67,28,0,0,23,1,1,46,6,0,4,.295,.373,.387,.760,.357,114.6,1.33,0.06
72,정훈,23롯1B,1.30,80,233,201,40,56,14,0,6,88,31,2,0,26,0,1,39,4,4,2,.279,.358,.438,.796,.361,120.4,1.30,0.48
73,김현준,23삼CF,1.26,109,479,433,62,119,10,6,3,150,46,5,5,30,5,0,84,5,8,3,.275,.327,.346,.673,.315,87.1,1.26,0.31
74,김민성,23L2B,1.21,112,316,273,34,68,11,0,8,103,41,2,1,25,7,0,58,7,9,2,.249,.326,.377,.703,.322,96.9,1.21,-1.44
75,정보근,23롯C,1.19,55,101,81,11,27,6,1,1,38,13,1,0,14,1,0,13,2,4,1,.333,.433,.469,.902,.405,147.4,1.19,0.47
76,김민석,23롯CF,1.01,129,454,400,53,102,24,0,3,135,39,16,3,31,6,1,112,6,12,5,.255,.315,.338,.652,.301,77.7,1.01,-2.04
77,최인호,23한LF,1.00,41,148,131,23,39,5,3,2,56,11,1,0,10,4,0,22,2,2,1,.298,.363,.427,.791,.364,124.5,1.00,0.33
78,윤동희,23롯RF,0.95,107,423,387,45,111,18,1,2,137,41,3,6,28,1,0,69,10,2,5,.287,.333,.354,.687,.324,93.0,0.95,-1.05
79,김성현,23S2B,0.95,112,354,310,35,83,14,0,1,100,27,4,1,29,0,1,36,6,13,2,.268,.328,.323,.651,.300,81.0,0.95,-0.94
80,박세혁,23NC,0.92,88,283,242,35,51,9,3,6,84,32,1,1,30,4,0,43,3,6,1,.211,.307,.347,.654,.304,80.2,0.92,-1.37
81,고종욱,23KLF,0.91,114,286,270,35,80,17,0,3,106,39,2,2,14,0,0,58,3,0,2,.296,.329,.393,.721,.337,104.3,0.91,0.48
82,임지열,23키1B,0.85,72,246,212,22,55,8,0,5,78,35,1,0,28,3,0,64,3,2,1,.259,.353,.368,.720,.341,109.5,0.85,0.93
83,정은원,23한2B,0.84,122,459,388,50,86,12,0,2,104,30,6,3,62,3,1,73,4,5,1,.222,.333,.268,.601,.296,76.8,0.84,-1.30
84,김재환,23두DH,0.83,132,484,405,40,89,15,0,10,134,46,3,1,72,5,4,100,8,0,2,.220,.343,.331,.674,.324,98.4,0.83,1.41
85,이도윤,23한SS,0.82,106,346,309,36,78,13,2,1,98,13,11,3,18,4,1,55,6,15,0,.252,.302,.317,.619,.282,68.1,0.82,-1.72
86,이호연,23K2B,0.79,85,234,212,28,59,5,1,3,75,17,4,2,16,4,0,41,6,1,1,.278,.339,.354,.693,.329,96.5,0.79,0.78
87,강백호,23KDH,0.76,71,271,238,32,63,10,1,8,99,39,3,0,31,0,4,55,1,0,2,.265,.347,.416,.763,.350,110.7,0.76,-0.53
88,김태연,23한RF,0.75,91,280,245,25,64,13,0,4,89,26,5,1,27,3,1,59,3,1,4,.261,.337,.363,.700,.329,99.2,0.75,0.03
89,김동헌,23키C,0.74,102,242,211,22,51,5,2,2,66,17,0,0,17,8,0,55,7,3,3,.242,.318,.313,.631,.301,80.4,0.74,-1.18
90,안권수,23롯LF,0.74,95,309,268,42,72,6,1,2,86,29,16,7,30,1,1,40,4,7,3,.269,.341,.321,.662,.311,85.3,0.74,-0.29
91,박수종,23키RF,0.73,23,50,45,7,19,1,2,0,24,3,0,0,3,1,0,6,1,0,1,.422,.460,.533,.993,.458,184.6,0.73,0.20
92,김형준,23NC,0.71,26,82,72,10,17,2,0,6,37,13,0,0,8,1,0,24,3,1,0,.236,.321,.514,.835,.371,123.1,0.71,0.17
93,최원준,23K1B,0.69,67,274,238,37,60,11,2,1,78,23,13,5,31,0,0,39,5,5,0,.252,.338,.328,.666,.316,90.2,0.69,0.53
94,신민재,23L2B,0.68,122,331,282,47,78,5,2,0,87,28,37,17,29,1,0,34,5,17,2,.277,.344,.309,.653,.301,79.3,0.68,0.95
95,김성욱,23NLF,0.60,93,204,179,28,40,10,0,6,68,16,6,1,16,5,0,63,7,3,1,.223,.304,.380,.683,.315,87.5,0.60,-0.52
96,한준수,23KC,0.49,48,94,86,9,22,4,0,2,32,12,0,0,7,0,0,26,2,1,0,.256,.312,.372,.684,.318,92.2,0.49,-0.43
97,박준영,23두3B,0.48,51,138,127,16,28,7,2,4,51,17,2,1,9,2,1,53,0,0,0,.220,.283,.402,.684,.312,90.5,0.48,0.76
98,임병욱,23키RF,0.47,80,223,208,30,54,11,1,6,85,36,4,0,10,1,0,75,1,1,3,.260,.293,.409,.701,.320,95.5,0.47,-0.59
99,오선진,23한SS,0.46,90,199,165,17,38,6,0,0,44,15,2,0,24,5,0,34,7,3,2,.230,.342,.267,.609,.301,79.8,0.46,-0.29
100,이유찬,23두2B,0.45,103,239,210,31,51,7,2,1,65,16,12,5,20,3,0,51,0,5,1,.243,.316,.310,.626,.296,76.1,0.45,-0.58
101,변우혁,23K1B,0.45,83,226,200,23,45,4,0,7,70,24,0,0,23,3,1,74,4,0,0,.225,.314,.350,.664,.315,90.8,0.45,-0.10
102,오윤석,23K1B,0.44,82,223,199,24,50,13,1,4,77,17,3,1,13,5,1,44,7,6,0,.251,.313,.387,.700,.317,88.7,0.44,-0.72
103,오태곤,23S1B,0.43,123,305,272,37,65,14,1,7,102,28,20,1,18,4,0,67,6,8,3,.239,.293,.375,.668,.302,80.4,0.43,-0.38
104,김민식,23SC,0.43,122,318,266,28,58,9,1,5,84,34,0,0,31,2,1,57,6,17,2,.218,.302,.316,.618,.279,65.1,0.43,-1.23
105,이정훈,23롯DH,0.43,59,171,152,17,45,7,0,1,55,17,1,1,13,3,0,28,1,0,3,.296,.357,.362,.719,.342,105.6,0.43,0.14
106,이지영,23키C,0.40,81,237,217,23,54,8,1,0,64,8,1,1,12,1,0,39,2,7,0,.249,.291,.295,.586,.273,61.1,0.40,-1.87
107,김준태,23KC,0.37,69,136,115,10,24,4,0,3,37,23,1,0,19,1,0,32,3,1,0,.209,.326,.322,.648,.312,85.2,0.37,-0.43
108,김인태,23두RF,0.36,47,115,98,8,25,5,0,1,33,14,2,1,15,1,0,26,1,1,0,.255,.360,.337,.696,.335,104.4,0.36,-0.17
109,김규성,23K2B,0.34,99,177,158,29,37,6,1,2,51,11,6,2,13,1,0,43,2,5,0,.234,.297,.323,.619,.287,71.2,0.34,-1.01
110,렉스,23롯RF,0.34,55,234,203,20,50,4,2,4,70,30,0,1,28,1,2,54,3,0,2,.246,.338,.345,.682,.323,94.0,0.34,0.59
111,김재성,23삼C,0.32,57,125,99,7,19,3,0,1,25,7,0,1,19,5,1,31,4,2,0,.192,.350,.253,.602,.301,78.6,0.32,-0.34
112,윌리엄스,23한LF,0.32,68,273,258,29,63,14,0,9,104,45,1,1,8,4,0,63,6,0,3,.244,.275,.403,.678,.310,86.0,0.32,0.00
113,홍현빈,23KCF,0.31,44,86,73,15,17,2,0,0,19,1,2,0,13,0,0,21,2,0,0,.233,.349,.260,.609,.308,81.3,0.31,-0.55
114,안치영,23KRF,0.28,76,136,124,20,36,3,1,0,41,9,7,1,6,2,0,35,1,3,1,.290,.331,.331,.662,.310,82.6,0.28,-0.78
115,김태군,23삼KC,0.26,114,346,311,24,80,10,1,1,95,42,2,1,15,8,1,30,17,8,4,.257,.305,.305,.610,.285,68.9,0.26,-1.94
116,박한결,23NLF,0.25,12,18,15,3,5,1,0,1,9,5,0,0,3,0,0,7,0,0,0,.333,.444,.600,1.044,.471,191.8,0.25,0.31
117,강진성,23두S1B,0.25,58,145,134,10,35,6,1,3,52,17,0,0,6,3,0,20,2,1,1,.261,.306,.388,.694,.320,93.4,0.25,-0.52
118,최정원,23N2B,0.24,39,56,50,12,13,3,2,0,20,5,4,1,1,3,0,13,1,2,0,.260,.315,.400,.715,.321,92.8,0.24,0.18
119,이형종,23키RF,0.23,99,374,316,35,68,22,1,3,101,37,0,0,39,14,2,78,11,3,2,.215,.326,.320,.646,.309,85.3,0.23,-1.60
120,김동진,23삼2B,0.21,44,137,122,14,32,7,0,0,39,8,3,0,9,1,0,26,4,3,2,.262,.313,.320,.633,.296,74.9,0.21,-0.86
121,이학주,23롯SS,0.21,104,122,110,22,23,2,0,3,34,13,4,1,11,1,0,31,2,0,0,.209,.287,.309,.596,.286,70.3,0.21,-0.26
122,김동엽,23삼DH,0.21,69,182,165,20,42,7,0,5,64,18,1,1,13,2,0,29,8,0,2,.255,.313,.388,.701,.327,94.0,0.21,-0.48
123,홍성호,23두RF,0.20,21,51,48,6,14,4,0,0,18,5,0,1,2,1,0,14,0,0,0,.292,.333,.375,.708,.335,103.0,0.20,-0.09
124,문상철,23KDH,0.19,112,330,304,30,79,20,0,9,126,46,3,1,16,3,1,81,4,1,6,.260,.298,.414,.712,.324,92.4,0.19,0.86
125,신본기,23KSS,0.19,40,75,54,8,11,2,0,1,16,7,0,1,14,2,0,8,3,1,4,.204,.365,.296,.661,.322,92.1,0.19,-0.34
126,배영빈,23롯SS,0.18,18,18,16,2,5,2,0,0,7,0,1,0,1,0,0,2,0,1,0,.313,.353,.438,.790,.348,107.8,0.18,0.03
127,김강민,23SCF,0.16,70,166,137,20,31,3,0,2,40,7,2,1,23,1,1,38,2,2,3,.226,.335,.292,.627,.302,79.8,0.16,-0.64
128,이천웅,23L,0.16,4,3,3,0,3,0,0,0,3,1,0,0,0,0,0,0,0,0,0,1.000,1.000,1.000,2.000,.955,519.2,0.16,0.23
129,이재원,23LLF,0.16,57,129,112,15,24,5,0,4,41,18,4,2,12,2,2,40,1,0,3,.214,.295,.366,.661,.301,82.8,0.16,0.09
130,고승민,23롯1B,0.15,94,307,254,35,57,14,2,2,81,24,8,3,42,1,3,64,2,6,4,.224,.332,.319,.651,.305,80.4,0.15,-0.53
131,안중열,23NC,0.13,77,177,154,15,30,6,0,4,48,17,0,0,16,2,0,45,6,3,2,.195,.276,.312,.588,.275,60.8,0.13,-0.88
132,최준우,23S2B,0.13,38,69,60,5,16,1,0,0,17,6,0,1,8,0,0,10,3,0,1,.267,.348,.283,.631,.311,87.7,0.13,-0.47
133,손성빈,23롯C,0.13,45,80,76,13,20,3,0,1,26,15,0,0,2,0,0,10,3,2,0,.263,.282,.342,.624,.285,68.2,0.13,0.04
134,최항,23S1B,0.13,21,35,28,3,8,1,0,1,12,6,0,0,5,0,0,12,1,1,1,.286,.382,.429,.811,.366,121.6,0.13,0.06
135,김수환,23키1B,0.12,50,114,97,8,21,4,0,2,31,15,0,0,11,4,0,36,1,1,1,.216,.319,.320,.638,.306,85.5,0.12,-0.06
136,박대온,23NC,0.11,2,6,5,2,2,1,0,0,3,1,0,0,0,1,0,1,0,0,0,.400,.500,.600,1.100,.508,219.1,0.11,0.04
137,안주형,23삼2B,0.11,53,91,79,12,19,2,0,1,24,10,0,0,10,0,0,20,3,1,1,.241,.322,.304,.626,.300,77.5,0.11,-0.26
138,박대온,23NC,0.11,23,27,23,4,6,2,0,0,8,2,0,0,3,0,0,7,0,0,1,.261,.333,.348,.681,.321,93.1,0.11,-0.17
139,윤형준,23N1B,0.10,82,236,218,17,55,12,1,5,84,27,1,1,10,3,0,58,6,2,3,.252,.291,.385,.676,.309,84.6,0.10,-0.39
140,정주현,23L1B,0.08,89,101,88,17,24,2,0,1,29,12,1,5,9,0,0,16,1,2,1,.273,.337,.330,.666,.311,87.0,0.08,-0.21
141,정준영,23KCF,0.07,34,55,48,6,14,2,0,0,16,6,0,0,3,0,0,11,1,4,0,.292,.333,.333,.667,.296,73.6,0.07,-0.36
142,안상현,23S2B,0.07,58,66,58,10,14,3,0,0,17,2,3,1,5,0,0,15,1,3,0,.241,.302,.293,.595,.275,64.0,0.07,-0.35
143,김찬형,23S3B,0.06,36,53,48,6,11,3,0,1,17,5,0,0,2,1,0,10,1,2,0,.229,.275,.354,.629,.283,67.6,0.06,0.32
144,천재환,23NCF,0.05,78,179,163,12,39,7,1,2,54,17,2,3,9,3,0,44,5,2,2,.239,.288,.331,.619,.289,71.4,0.05,-0.91
145,조용호,23KRF,0.05,63,184,161,20,40,2,0,0,42,7,4,0,23,0,0,25,3,0,0,.248,.342,.261,.603,.303,78.4,0.05,-0.75
146,최보성,23N3B,0.05,12,21,19,2,5,0,0,0,5,0,0,0,2,0,0,2,1,0,0,.263,.333,.263,.597,.297,78.4,0.05,-0.01
147,박유연,23두C,0.04,10,16,15,3,4,2,0,0,6,1,0,0,0,0,0,4,0,1,0,.267,.267,.400,.667,.286,70.8,0.04,-0.07
148,이원석,23한CF,0.04,81,138,116,20,22,1,1,0,25,8,13,3,21,1,0,33,3,0,0,.190,.319,.216,.534,.276,64.2,0.04,-1.11
149,박계범,23두SS,0.03,77,194,169,18,37,6,0,2,49,15,2,2,15,2,1,44,4,5,3,.219,.286,.290,.576,.267,58.4,0.03,-0.96
150,국해성,23롯DH,0.03,6,10,8,0,2,0,0,0,2,1,0,0,2,0,0,3,0,0,0,.250,.400,.250,.650,.337,101.9,0.03,-0.13
151,장운호,23한RF,0.03,4,11,9,1,2,0,0,0,2,1,0,0,2,0,0,2,0,0,0,.222,.364,.222,.586,.306,83.5,0.03,-0.20
152,이해승,23삼3B,0.03,9,4,4,0,1,1,0,0,2,0,0,0,0,0,0,1,0,0,0,.250,.250,.500,.750,.333,99.8,0.03,-0.02
153,김정민,23SRF,0.03,8,2,2,1,1,0,0,0,1,0,0,0,0,0,0,1,0,0,0,.500,.500,.500,1.000,.477,199.3,0.03,-0.00
154,홍종표,23K2B,0.03,40,12,7,10,0,0,0,0,0,0,0,0,3,1,0,1,0,1,0,.000,.364,.000,.364,.245,41.1,0.03,0.08
155,양찬열,23두RF,0.02,44,99,88,15,21,2,2,0,27,6,3,2,9,1,0,23,1,0,1,.239,.313,.307,.620,.299,76.0,0.02,-1.14
156,이민준,23한SS,0.02,4,2,1,0,0,0,0,0,0,0,0,0,1,0,0,0,0,0,0,.000,.500,.000,.500,.364,121.2,0.02,0.03
157,이재용,23한C,0.02,2,2,2,1,1,0,0,0,1,0,0,0,0,0,0,1,0,0,0,.500,.500,.500,1.000,.477,202.8,0.02,0.00
158,노수광,23한LF,0.01,30,94,77,6,17,5,0,0,22,4,2,1,13,0,0,27,3,2,2,.221,.326,.286,.612,.293,75.3,0.01,-0.83
163,안승한,23두C,0.00,22,27,24,1,5,0,0,0,5,1,1,0,2,1,0,10,0,0,0,.208,.296,.208,.505,.259,50.2,0.00,-0.13
164,김주성,23LSS,0.00,11,7,5,1,1,0,0,0,1,0,0,0,1,1,0,2,0,0,0,.200,.429,.200,.629,.349,112.0,0.00,0.00
165,송재선,23키RF,0.00,5,3,3,0,1,0,0,0,1,0,0,0,0,0,0,1,0,0,0,.333,.333,.333,.667,.318,93.7,0.00,-0.01
239,박민석,23KSS,-0.00,4,4,4,1,1,0,0,0,1,0,0,0,0,0,0,3,0,0,0,.250,.250,.250,.500,.239,27.2,-0.00,-0.03
241,김민수,23롯3B,-0.01,25,51,43,4,9,1,1,0,12,2,0,0,7,0,0,17,2,1,0,.209,.320,.279,.599,.290,69.2,-0.01,-0.48
242,오선우,23K1B,-0.01,33,31,28,2,5,0,0,2,11,5,0,0,3,0,0,15,0,0,0,.179,.258,.393,.651,.298,82.0,-0.01,-0.09
243,김태진,23키3B,-0.02,74,212,200,17,55,6,0,0,61,16,0,0,5,1,0,23,1,3,3,.275,.292,.305,.597,.279,65.3,-0.02,-1.33
244,강민성,23K3B,-0.02,12,27,22,2,4,1,0,0,5,0,0,0,4,0,0,10,0,1,0,.182,.308,.227,.535,.263,51.3,-0.02,-0.31
245,윤수녕,23롯RF,-0.02,3,4,4,0,1,0,0,0,1,1,0,0,0,0,0,1,0,0,0,.250,.250,.250,.500,.239,35.9,-0.02,-0.05
246,전준호,23LC,-0.02,2,1,1,0,0,0,0,0,0,1,0,0,0,0,0,0,0,0,0,.000,.000,.000,.000,.000,-123.9,-0.02,-0.00
247,전사민,23NP,-0.02,1,1,1,0,0,0,0,0,0,0,0,0,0,0,0,0,0,0,0,.000,.000,.000,.000,.000,-123.9,-0.02,-0.05
249,조현진,23NSS,-0.03,10,5,5,0,1,0,0,0,1,0,0,0,0,0,0,1,1,0,0,.200,.200,.200,.400,.191,7.0,-0.03,-0.19
250,박경수,23K2B,-0.03,107,221,185,12,37,13,0,1,53,12,0,0,30,1,1,46,2,5,0,.200,.315,.286,.601,.288,68.3,-0.03,0.60
251,박정우,23KRF,-0.03,21,12,9,2,3,0,0,0,3,0,0,0,0,0,0,1,0,3,0,.333,.333,.333,.667,.239,38.1,-0.03,0.20
252,이태훈,23삼1B,-0.04,12,14,13,1,3,1,0,0,4,0,0,0,1,0,0,7,0,0,0,.231,.286,.308,.593,.284,67.2,-0.04,-0.07
253,김재상,23삼,-0.04,17,22,20,1,3,0,0,1,6,2,0,0,2,0,0,4,1,0,0,.150,.227,.300,.527,.248,40.5,-0.04,-0.26
254,송준석,23삼RF,-0.04,7,8,8,0,2,0,0,0,2,1,0,0,0,0,0,0,0,0,0,.250,.250,.250,.500,.239,35.9,-0.04,-0.11
255,류효승,23SDH,-0.04,3,4,3,0,0,0,0,0,0,0,0,0,0,1,0,0,1,0,0,.000,.250,.000,.250,.190,0.9,-0.04,-0.12
256,김수윤,23N3B,-0.04,16,15,14,0,3,0,0,0,3,2,0,0,1,0,0,4,0,0,0,.214,.267,.214,.481,.240,39.4,-0.04,-0.01
257,김건희,23키1B,-0.04,9,13,11,0,2,0,0,0,2,0,0,0,2,0,0,4,1,0,0,.182,.308,.182,.490,.259,52.6,-0.04,-0.14
258,김도환,23삼C,-0.04,9,8,7,0,1,0,0,0,1,0,0,0,1,0,0,0,0,0,0,.143,.250,.143,.393,.210,18.0,-0.04,-0.07
259,오장한,23NRF,-0.04,3,8,7,2,1,0,0,0,1,0,0,0,1,0,0,5,0,0,0,.143,.250,.143,.393,.210,18.6,-0.04,-0.06
260,권민석,23두SS,-0.05,1,2,2,0,0,0,0,0,0,0,0,0,0,0,0,1,0,0,0,.000,.000,.000,.000,.000,-123.9,-0.05,-0.00
261,문상준,23K2B,-0.05,2,5,5,1,1,0,0,0,1,0,0,0,0,0,0,4,0,0,0,.200,.200,.200,.400,.191,-5.2,-0.05,-0.04
262,김동혁,23롯RF,-0.05,15,9,7,3,0,0,0,0,0,0,1,0,2,0,0,3,0,0,0,.000,.222,.000,.222,.162,-15.0,-0.05,-0.08
263,손민석,23K2B,-0.06,9,12,10,2,1,0,0,0,1,1,0,0,1,1,0,3,0,0,0,.100,.250,.100,.350,.204,12.6,-0.06,-0.14
264,장준원,23KSS,-0.06,69,104,87,10,15,2,1,1,22,10,3,0,12,1,0,25,1,3,1,.172,.277,.253,.530,.254,46.9,-0.06,-0.16
265,이흥련,23SC,-0.06,16,17,14,1,1,0,0,1,4,2,0,0,2,0,0,6,0,1,0,.071,.188,.286,.473,.209,11.2,-0.06,-0.22
266,강준서,23삼LF,-0.06,10,15,14,2,3,1,0,0,4,0,0,1,1,0,0,2,0,0,0,.214,.267,.286,.552,.265,54.0,-0.06,-0.15
267,오재일,23삼1B,-0.06,106,364,315,31,64,15,0,11,112,54,1,0,43,3,1,110,1,0,3,.203,.302,.356,.658,.309,82.4,-0.06,1.27
268,이상혁,23한CF,-0.07,7,2,2,0,0,0,0,0,0,0,1,1,0,0,0,1,0,0,0,.000,.000,.000,.000,.000,-123.9,-0.07,0.04
269,김선우,23KC,-0.07,5,7,7,0,1,0,0,0,1,0,0,0,0,0,0,2,0,0,0,.143,.143,.143,.286,.136,-31.2,-0.07,-0.20
270,송대현,23LSS,-0.07,4,3,3,0,0,0,0,0,0,0,0,0,0,0,0,2,0,0,0,.000,.000,.000,.000,.000,-123.9,-0.07,0.00
271,이원석,23삼키1B,-0.07,89,345,305,22,75,10,0,2,91,30,0,1,34,3,1,67,9,1,2,.246,.326,.298,.624,.302,81.0,-0.07,-0.48
272,윤정빈,23삼1B,-0.07,28,43,34,5,5,0,0,1,8,3,1,0,7,2,0,12,1,0,0,.147,.326,.235,.561,.291,71.7,-0.07,0.13
273,장지승,23한,-0.07,3,3,3,0,0,0,0,0,0,0,0,0,0,0,0,0,0,0,0,.000,.000,.000,.000,.000,-123.9,-0.07,-0.02
274,안익훈,23LRF,-0.07,11,23,22,1,7,1,0,0,8,2,0,0,0,1,0,2,0,0,0,.318,.348,.364,.712,.340,106.3,-0.07,-0.13
275,서예일,23두2B,-0.07,5,10,9,2,2,0,0,0,2,1,0,0,0,0,0,2,0,0,1,.222,.200,.222,.422,.191,4.4,-0.07,-0.07
276,김시앙,23키C,-0.08,33,82,76,6,17,1,0,0,18,7,0,0,3,3,0,18,4,0,0,.224,.281,.237,.517,.257,50.7,-0.08,-1.51
277,유상빈,23한DH,-0.08,3,8,6,1,0,0,0,0,0,0,0,0,1,1,0,1,0,0,0,.000,.250,.000,.250,.186,0.4,-0.08,-0.11
278,장두성,23롯CF,-0.08,25,15,13,7,2,0,0,0,2,1,2,0,1,0,0,3,1,1,0,.154,.214,.154,.368,.176,-5.9,-0.08,-0.14
279,김건웅,23S1B,-0.08,1,3,3,0,0,0,0,0,0,0,0,0,0,0,0,2,0,0,0,.000,.000,.000,.000,.000,-123.9,-0.08,-0.02
280,박석민,23N3B,-0.08,30,107,88,9,17,1,0,1,21,8,0,0,14,3,0,22,4,1,1,.193,.321,.239,.559,.282,67.1,-0.08,-0.82
281,이병규,23키1B,-0.09,7,17,17,3,4,0,0,0,4,2,0,0,0,0,0,4,0,0,0,.235,.235,.235,.471,.225,29.3,-0.09,-0.21
282,박지훈,23두1B,-0.09,22,21,19,2,4,1,0,0,5,2,1,0,2,0,0,7,0,0,0,.211,.286,.263,.549,.269,58.1,-0.09,0.03
284,김헌곤,23삼,-0.10,6,4,4,0,0,0,0,0,0,0,0,0,0,0,0,1,0,0,0,.000,.000,.000,.000,.000,-123.9,-0.10,-0.04
285,예진원,23키LF,-0.10,16,36,34,2,8,1,0,1,12,4,0,0,0,0,0,7,0,2,0,.235,.235,.353,.588,.254,51.1,-0.10,-0.24
286,고명준,23S1B,-0.10,2,4,4,0,0,0,0,0,0,0,0,0,0,0,0,3,0,0,0,.000,.000,.000,.000,.000,-123.9,-0.10,-0.05
287,허도환,23LC,-0.10,47,81,64,8,9,3,0,2,18,10,0,0,3,6,0,20,3,7,1,.141,.243,.281,.525,.231,36.3,-0.10,0.12
288,이승원,23키SS,-0.11,4,5,5,0,0,0,0,0,0,0,0,0,0,0,0,2,0,0,0,.000,.000,.000,.000,.000,-123.9,-0.11,-0.08
289,김영웅,23삼3B,-0.11,55,103,91,11,17,6,0,2,29,12,1,0,8,0,0,28,2,3,1,.187,.250,.319,.569,.258,48.8,-0.11,-0.49
290,서동욱,23롯RF,-0.12,13,20,17,2,2,1,0,0,3,0,0,0,3,0,0,5,1,0,0,.118,.250,.176,.427,.224,25.5,-0.12,-0.12
291,강현우,23KC,-0.12,53,111,103,11,20,6,0,1,29,11,0,1,6,1,0,17,3,1,0,.194,.246,.282,.527,.249,42.6,-0.12,-0.99
292,최상민,23SCF,-0.13,51,41,34,5,8,0,0,0,8,3,2,2,4,0,0,7,0,2,1,.235,.308,.235,.543,.257,50.6,-0.13,-0.46
293,손호영,23LSS,-0.13,27,45,44,8,9,0,0,1,12,6,2,1,1,0,0,12,5,0,0,.205,.222,.273,.495,.232,35.0,-0.13,-0.10
294,최경모,23S3B,-0.13,28,20,20,6,3,0,0,0,3,1,2,0,0,0,0,5,0,0,0,.150,.150,.150,.300,.143,-26.7,-0.13,-0.09
295,전민재,23두3B,-0.14,19,18,17,3,4,2,0,0,6,1,0,3,0,0,0,3,2,1,0,.235,.235,.353,.588,.254,49.3,-0.14,-0.44
296,전의산,23S1B,-0.14,56,153,134,11,27,6,0,4,45,21,0,2,15,3,0,40,1,0,1,.201,.294,.336,.630,.299,77.3,-0.14,0.19
297,박준태,23키RF,-0.14,14,15,14,0,2,0,0,0,2,1,0,0,1,0,0,7,0,0,0,.143,.200,.143,.343,.176,-3.3,-0.14,-0.10
298,신성현,23두1B,-0.14,12,15,12,1,1,0,0,0,1,1,0,1,3,0,0,4,0,0,0,.083,.267,.083,.350,.209,17.5,-0.14,-0.20
299,김건,23한DH,-0.14,7,12,12,1,2,0,0,0,2,0,0,0,0,0,0,8,0,0,0,.167,.167,.167,.333,.159,-14.1,-0.14,-0.12
300,지시완,23롯C,-0.15,6,10,8,0,1,0,0,0,1,0,0,0,0,0,0,5,0,2,0,.125,.125,.125,.250,.095,-60.3,-0.15,-0.19
301,안재석,23두SS,-0.15,27,68,64,8,12,2,1,1,19,5,2,0,3,0,0,12,0,0,1,.188,.221,.297,.518,.239,39.1,-0.15,-0.96
302,김상민,23삼LF,-0.15,8,13,12,3,1,0,0,0,1,0,0,0,1,0,0,3,0,0,0,.083,.154,.083,.237,.129,-36.5,-0.15,-0.13
303,김병희,23K3B,-0.15,5,9,8,0,0,0,0,0,0,0,0,0,1,0,0,4,0,0,0,.000,.111,.000,.111,.081,-69.4,-0.15,-0.07
304,신범수,23KC,-0.15,36,100,88,7,15,3,0,2,24,10,0,0,7,2,0,19,3,2,1,.170,.245,.273,.518,.244,41.6,-0.15,-1.00
305,박주찬,23N3B,-0.16,5,14,14,1,2,0,0,0,2,0,0,0,0,0,0,2,0,0,0,.143,.143,.143,.286,.136,-30.4,-0.16,-0.13
306,허관회,23한C,-0.16,10,7,7,1,0,0,0,0,0,0,0,0,0,0,0,2,0,0,0,.000,.000,.000,.000,.000,-123.9,-0.16,-0.09
307,공민규,23삼3B,-0.16,22,33,31,0,6,1,1,0,9,2,0,0,2,0,0,13,1,0,0,.194,.242,.290,.533,.251,44.8,-0.16,-0.02
308,최정용,23K2B,-0.17,56,41,36,17,6,1,0,0,7,1,4,0,2,0,0,9,0,3,0,.167,.211,.194,.405,.184,0.7,-0.17,-0.29
309,신준우,23키SS,-0.17,24,19,18,4,2,0,0,0,2,0,0,0,0,1,0,5,0,0,0,.111,.158,.111,.269,.140,-28.5,-0.17,-0.23
310,오영수,23N1B,-0.17,70,238,208,21,49,9,1,4,72,24,3,3,17,5,1,55,5,5,3,.236,.305,.346,.651,.299,77.9,-0.17,-0.90
311,최승민,23LCF,-0.17,38,15,14,10,1,0,0,0,1,1,8,3,1,0,0,4,1,0,0,.071,.133,.071,.205,.112,-48.1,-0.17,0.01
312,장진혁,23한CF,-0.18,68,178,162,24,36,5,1,0,43,12,5,4,15,0,0,41,3,0,1,.222,.287,.265,.552,.269,59.3,-0.18,-0.69
313,이용규,23키LF,-0.19,50,178,154,19,36,0,3,0,42,11,2,1,19,1,0,22,3,2,2,.234,.318,.273,.591,.287,70.3,-0.19,-0.23
314,이병헌,23삼C,-0.19,23,33,28,3,4,0,0,0,4,2,0,0,3,0,0,11,0,1,1,.143,.219,.143,.362,.182,-1.2,-0.19,-0.41
315,김병휘,23키2B,-0.20,10,21,21,0,3,1,0,0,4,1,0,0,0,0,0,8,0,0,0,.143,.143,.190,.333,.154,-19.3,-0.20,-0.25
316,조형우,23SC,-0.21,62,133,119,9,22,4,1,2,34,12,0,0,8,1,0,25,2,4,1,.185,.240,.286,.526,.241,39.9,-0.21,-0.49
317,김재현,23키C,-0.21,8,10,9,0,1,0,0,0,1,0,0,0,0,0,0,3,1,1,0,.111,.111,.111,.222,.095,-58.7,-0.21,-0.33
318,이성곤,23한DH,-0.21,8,16,14,2,2,0,0,0,2,0,0,0,1,0,0,3,0,1,0,.143,.200,.143,.343,.165,-12.0,-0.21,-0.04
319,김민혁,23두1B,-0.21,21,36,29,2,4,1,0,0,5,3,0,0,4,1,0,9,3,0,2,.138,.250,.172,.422,.219,24.1,-0.21,-0.29
320,김대한,23두RF,-0.22,33,89,81,10,16,3,1,1,24,7,1,3,7,1,0,21,0,0,0,.198,.270,.296,.566,.271,60.4,-0.22,-0.61
321,류현인,23K3B,-0.22,17,24,23,6,3,0,0,0,3,3,0,0,1,0,0,4,0,0,0,.130,.167,.130,.297,.150,-24.0,-0.22,-0.41
322,박상언,23한C,-0.23,86,161,145,13,29,5,1,1,39,13,1,2,10,1,0,38,6,3,2,.200,.253,.269,.522,.245,43.0,-0.23,-1.48
323,황대인,23K1B,-0.24,60,199,174,19,37,4,0,5,56,26,0,0,18,4,2,50,6,0,3,.213,.297,.322,.618,.291,74.2,-0.24,0.31
324,송찬의,23L1B,-0.24,19,22,18,2,1,1,0,0,2,1,1,0,4,0,0,6,0,0,0,.056,.227,.111,.338,.193,7.8,-0.24,-0.25
325,송승환,23두LF,-0.25,30,76,70,10,16,3,1,0,21,4,0,1,4,0,0,16,2,2,0,.229,.270,.300,.570,.264,53.3,-0.25,-0.41
326,송민섭,23KRF,-0.26,69,25,23,6,3,0,0,0,3,0,3,1,1,1,0,8,0,0,0,.130,.200,.130,.330,.174,-7.9,-0.26,-0.04
327,김호령,23KCF,-0.26,76,107,95,16,17,7,0,0,24,6,1,0,8,1,0,38,1,3,0,.179,.250,.253,.503,.238,36.4,-0.26,-0.79
328,장승현,23두C,-0.26,76,158,139,11,22,1,0,3,32,9,1,0,6,8,0,36,2,5,0,.158,.235,.230,.466,.223,30.0,-0.26,-1.42
329,김석환,23K1B,-0.27,12,26,23,1,3,1,0,0,4,3,0,0,2,0,0,9,1,1,0,.130,.200,.174,.374,.181,-2.1,-0.27,-0.12
330,김기연,23LC,-0.27,28,40,34,3,4,0,0,0,4,2,1,0,5,0,0,10,0,1,0,.118,.231,.118,.348,.187,2.0,-0.27,-0.08
331,김범석,23L1B,-0.27,10,29,27,3,3,1,0,1,7,4,0,0,1,0,0,5,1,0,1,.111,.138,.259,.397,.176,-0.2,-0.27,-0.08
332,박영빈,23NDH,-0.27,41,17,14,11,1,1,0,0,2,0,4,2,1,0,0,6,0,2,0,.071,.133,.143,.276,.121,-43.1,-0.27,-0.19
333,하주석,23한SS,-0.27,25,38,35,4,4,1,0,0,5,2,0,0,2,1,0,10,0,0,0,.114,.184,.143,.327,.169,-9.6,-0.27,-0.36
334,류승민,23삼RF,-0.28,24,57,52,5,11,3,0,0,14,5,0,0,2,1,0,19,0,2,0,.212,.255,.269,.524,.243,39.6,-0.28,-0.26
335,전병우,23키1B,-0.30,41,75,62,6,9,3,0,1,15,6,0,0,10,1,0,28,0,2,0,.145,.274,.242,.516,.252,48.4,-0.30,-0.98
336,권광민,23한LF,-0.30,66,81,73,11,11,1,1,2,20,9,2,0,6,1,0,24,2,1,0,.151,.225,.274,.499,.235,36.1,-0.30,-0.84
337,박정현,23한SS,-0.31,53,113,105,12,19,6,0,2,31,4,0,0,3,2,0,36,2,3,0,.181,.218,.295,.513,.234,34.6,-0.31,-1.52
338,이정범,23SDH,-0.32,15,33,29,2,5,0,0,0,5,4,0,0,2,0,0,6,1,0,2,.172,.212,.172,.385,.189,4.2,-0.32,-0.22
339,조수행,23두RF,-0.32,126,249,219,41,48,2,1,1,55,17,26,6,23,2,0,38,2,4,1,.219,.298,.251,.549,.268,57.2,-0.32,-0.14
340,정대선,23롯2B,-0.33,19,47,40,5,6,1,0,0,7,6,0,0,2,2,0,8,0,1,2,.150,.217,.175,.392,.193,5.4,-0.33,-0.27
341,김인환,23한1B,-0.33,112,365,325,34,73,16,0,7,110,42,1,0,35,2,2,91,4,0,3,.225,.301,.338,.640,.301,80.2,-0.33,-0.92
342,이명기,23한DH,-0.36,14,42,40,2,7,1,0,0,8,5,1,0,2,0,0,9,0,0,0,.175,.214,.200,.414,.203,13.9,-0.36,-0.28
343,김주형,23키SS,-0.36,46,81,69,5,10,2,0,0,12,4,0,0,9,1,0,27,2,2,0,.145,.253,.174,.427,.217,23.8,-0.36,-0.76
344,이성규,23삼CF,-0.37,109,162,145,23,30,10,1,1,45,18,4,3,8,3,0,42,4,4,2,.207,.260,.310,.570,.262,51.7,-0.37,-0.31
345,한동희,23롯3B,-0.37,108,353,319,30,71,11,0,5,97,32,1,3,26,1,0,58,16,2,5,.223,.279,.304,.583,.276,62.1,-0.37,-2.91
346,조민성,23삼1B,-0.37,15,29,29,1,6,2,0,0,8,5,0,1,0,0,0,6,1,0,0,.207,.207,.276,.483,.224,26.1,-0.37,-0.34
347,김호재,23삼3B,-0.38,75,127,116,6,25,7,0,0,32,9,2,0,6,0,0,17,4,5,0,.216,.254,.276,.530,.243,39.5,-0.38,-0.85
348,김준완,23키LF,-0.39,76,225,189,25,42,7,0,0,49,14,0,0,26,1,0,57,2,6,3,.222,.315,.259,.574,.277,64.4,-0.39,-0.25
349,신윤후,23롯LF,-0.40,28,27,25,2,1,0,0,0,1,1,1,0,0,2,0,8,0,0,0,.040,.111,.040,.151,.092,-62.5,-0.40,-0.12
350,김태훈,23삼LF,-0.40,11,22,21,0,2,1,0,0,3,1,0,1,0,0,0,9,1,1,0,.095,.095,.143,.238,.104,-54.0,-0.40,-0.42
351,한석현,23NLF,-0.40,27,66,60,5,12,1,0,0,13,2,2,1,4,0,0,20,2,2,0,.200,.250,.217,.467,.223,28.1,-0.40,-0.66
352,김한별,23NSS,-0.41,79,105,97,8,21,0,1,0,23,4,0,3,4,2,0,23,6,2,0,.216,.262,.237,.499,.240,39.6,-0.41,-0.55
353,이시원,23KRF,-0.41,29,32,29,4,4,0,0,0,4,1,0,1,2,0,0,6,0,1,0,.138,.194,.138,.332,.165,-13.9,-0.41,-0.13
354,김태근,23두RF,-0.43,41,55,52,9,11,3,0,0,14,3,0,3,0,1,0,21,0,2,0,.212,.226,.269,.496,.225,28.5,-0.43,-0.60
355,주성원,23키RF,-0.43,25,72,69,7,15,2,1,0,19,2,0,0,1,0,0,18,1,1,1,.217,.225,.275,.501,.229,31.1,-0.43,-0.55
356,김웅빈,23키1B,-0.45,29,74,64,2,12,3,0,0,15,9,0,0,6,2,0,20,1,0,2,.188,.270,.234,.505,.250,45.2,-0.45,-1.24
357,한승택,23KC,-0.45,49,104,85,6,11,2,0,0,13,3,0,0,11,2,0,32,1,6,0,.129,.245,.153,.398,.200,11.0,-0.45,-1.36
358,서건창,23L2B,-0.46,44,126,110,14,22,5,2,0,31,12,3,3,10,0,0,14,5,3,3,.200,.260,.282,.542,.251,45.7,-0.46,-1.28
359,주효상,23KC,-0.50,19,36,32,2,2,0,0,0,2,1,0,0,2,0,0,10,1,2,0,.063,.118,.063,.180,.094,-60.7,-0.50,-0.46
360,유로결,23한RF,-0.55,27,53,48,5,7,1,0,0,8,5,1,0,1,1,0,10,3,1,2,.146,.173,.167,.340,.161,-14.5,-0.55,-0.63
361,이재원,23SC,-0.56,27,48,44,3,4,1,0,0,5,2,0,0,2,0,0,8,4,1,1,.091,.128,.114,.241,.118,-43.3,-0.56,-1.08
362,박찬혁,23키LF,-0.56,48,167,154,13,31,7,0,1,41,8,0,0,10,3,0,41,1,0,0,.201,.264,.266,.530,.257,50.8,-0.56,-1.55
363,이상호,23K2B,-0.57,63,60,54,15,8,1,0,0,9,5,2,0,2,0,0,9,2,4,0,.148,.179,.167,.345,.158,-18.6,-0.57,-0.22
364,박주홍,23키1B,-0.58,27,57,50,5,6,0,1,0,8,2,1,0,5,0,0,26,0,0,2,.120,.193,.160,.353,.177,-3.7,-0.58,-0.55
365,강한울,23삼3B,-0.60,72,240,212,30,46,7,2,0,57,10,1,3,20,0,1,54,4,6,2,.217,.282,.269,.551,.259,50.0,-0.60,-1.80
366,황성빈,23롯LF,-0.61,74,191,170,22,36,5,2,0,45,8,9,5,12,1,0,27,1,8,0,.212,.268,.265,.533,.247,41.0,-0.61,-0.86
367,오그레디,23한LF,-0.90,22,86,80,3,10,3,0,0,13,8,1,0,5,0,0,40,0,0,1,.125,.174,.163,.337,.167,-10.4,-0.90,-1.42
