이름,연도,소속팀,연봉
강경학,2016,한화,6500
강구성,2016,NC,2700
강동관,2016,롯데,2700
강동수,2016,롯데,2900
강동연,2016,두산,2800
강민국,2016,NC,2700
강민호,2016,롯데,100000
강병의,2016,LG,3000
강상원,2016,한화,2700
강승현,2016,롯데,2900
강승호,2016,LG,2700
강승훈,2016,kt,2700
강영식,2016,롯데,30000
강윤구,2016,키움,10500
강장산,2016,NC,3000
강지광,2016,키움,2700
강한울,2016,KIA,6000
고동진,2016,한화,0
고메즈,2016,SSG,0
고봉재,2016,두산,2700
고영민,2016,두산,0
고영우,2016,KIA,6000
고영표,2016,kt,4400
고원준,2016,두산,6800
고종욱,2016,키움,7700
고창성,2016,NC,5000
고효준,2016,KIA,8000
곽정철,2016,KIA,5500
구본범,2016,한화,0
구승민,2016,롯데,2900
구자욱,2016,삼성,8000
구준범,2016,삼성,2800
구창모,2016,NC,2700
국해성,2016,두산,3000
권오준,2016,삼성,7000
권용관,2016,한화,0
권용우,2016,한화,2700
권정웅,2016,삼성,2700
권혁,2016,한화,45000
권희동,2016,NC,5100
금민철,2016,키움,7900
길태곤,2016,한화,0
김강,2016,kt,0
김강률,2016,두산,6200
김강민,2016,SSG,60000
김건한,2016,삼성,0
김경언,2016,한화,20000
김경태,2016,한화,3000
김광삼,2016,LG,0
김광수,2016,KIA,10000
김광현,2016,SSG,85000
김규민,2016,키움,2700
김규성,2016,KIA,2700
김기연,2016,LG,2700
김기태,2016,삼성,4000
김기현,2016,SSG,0
김기현,2016,한화,0
김기환,2016,삼성,2700
김남길,2016,롯데,2700
김다원,2016,KIA,7000
김단우,2016,LG,2700
김대륙,2016,롯데,3200
김대우,2016,삼성,11000
김대우,2016,롯데,3800
김대유,2016,SSG,2700
김도영,2016,kt,2700
김동명,2016,kt,4000
김동엽,2016,SSG,2700
김동준,2016,키움,3000
김동한,2016,롯데,3200
김동호,2016,삼성,2700
김만수,2016,kt,2900
김명성,2016,두산,0
김명찬,2016,KIA,2900
김문호,2016,롯데,7000
김민성,2016,키움,22000
김민수,2016,kt,3200
김민식,2016,SSG,3000
김민우,2016,KIA,0
김민우,2016,한화,3800
김민재,2016,SSG,2700
김민준,2016,키움,2700
김민하,2016,롯데,4000
김범수,2016,한화,3200
김병근,2016,한화,2700
김병현,2016,KIA,15000
김사연,2016,kt,4500
김사윤,2016,SSG,2700
김사율,2016,kt,20000
김사훈,2016,롯데,2900
김상수,2016,삼성,31000
김상수,2016,키움,6000
김상현,2016,kt,0
김상호,2016,롯데,2800
김선규,2016,NC,6000
김선민,2016,kt,3200
김선빈,2016,KIA,13000
김성배,2016,두산,18000
김성욱,2016,NC,5500
김성재,2016,롯데,2700
김성택,2016,키움,2700
김성표,2016,삼성,2800
김성한,2016,삼성,2700
김성현,2016,SSG,18000
김성현,2016,키움,2700
김성호,2016,롯데,2700
김성훈,2016,삼성,2700
김세현,2016,키움,16000
김수산,2016,키움,2700
김승현,2016,삼성,2700
김승회,2016,SSG,22000
김연훈,2016,kt,4700
김영일,2016,롯데,2700
김영환,2016,kt,3700
김용의,2016,LG,6000
김용주,2016,한화,3000
김웅빈,2016,키움,2700
김원석,2016,한화,3000
김원섭,2016,KIA,15000
김원중,2016,롯데,3600
김유영,2016,롯데,2800
김윤동,2016,KIA,2700
김윤환,2016,키움,2700
김융,2016,삼성,2700
김응민,2016,삼성,2800
김응수,2016,키움,0
김인태,2016,두산,2800
김인환,2016,한화,2700
김재성,2016,LG,2700
김재영,2016,한화,2700
김재유,2016,롯데,2900
김재유,2016,롯데,2900
김재윤,2016,kt,7200
김재율,2016,LG,2900
김재현,2016,SSG,4000
김재현,2016,키움,4400
김재호,2016,두산,41000
김재환,2016,두산,5000
김정인,2016,키움,3000
김정혁,2016,삼성,3300
김정훈,2016,키움,3400
김종민,2016,kt,3800
김종호,2016,NC,17500
김주성,2016,LG,2700
김주원,2016,kt,0
김주찬,2016,KIA,50000
김주한,2016,SSG,2700
김주현,2016,롯데,3300
김주현,2016,한화,2700
김주형,2016,KIA,5500
김준,2016,KIA,0
김준완,2016,NC,3000
김준태,2016,롯데,3000
김준현,2016,NC,2700
김지성,2016,LG,3800
김지수,2016,한화,2700
김지수,2016,키움,5500
김지용,2016,LG,4000
김지훈,2016,KIA,0
김진곤,2016,kt,3500
김진성,2016,NC,15000
김진우,2016,KIA,12000
김진형,2016,두산,3000
김찬균,2016,한화,2700
김찬형,2016,NC,2700
김찬호,2016,SSG,2700
김창혁,2016,LG,2700
김태군,2016,NC,21000
김태균,2016,한화,160000
김태연,2016,한화,2700
김태영,2016,KIA,0
김태영,2016,LG,2700
김태오,2016,kt,2700
김태완,2016,삼성,0
김태완,2016,한화,8000
김태진,2016,NC,3000
김태훈,2016,kt,3000
김택형,2016,키움,4400
김하성,2016,키움,16000
김학성,2016,NC,0
김한별,2016,키움,2700
김해수,2016,키움,2700
김현우,2016,삼성,4500
김현준,2016,KIA,2700
김호령,2016,KIA,6000
김호은,2016,LG,2700
김호준,2016,롯데,2700
김회성,2016,한화,5500
나경민,2016,롯데,2700
나규호,2016,LG,2400
나성범,2016,NC,30000
나성용,2016,삼성,3700
나주환,2016,SSG,20000
나지완,2016,KIA,20000
남경호,2016,두산,3000
남기효,2016,삼성,0
남재현,2016,KIA,2700
남태혁,2016,kt,2700
노건우,2016,NC,5500
노경은,2016,롯데,20000
노관현,2016,SSG,2700
노수광,2016,KIA,3000
노유성,2016,두산,0
노진용,2016,삼성,0
노진혁,2016,NC,4300
니퍼트,2016,두산,120000
대니돈,2016,키움,60000
도태훈,2016,NC,2700
라라,2016,SSG,0
레온,2016,삼성,0
레일리,2016,롯데,63000
로사리오,2016,한화,100000
로위,2016,kt,0
로저스,2016,한화,170000
류승현,2016,KIA,2700
류제국,2016,LG,18000
류지혁,2016,두산,3000
류진욱,2016,NC,2700
류희운,2016,kt,2700
린드블럼,2016,롯데,120000
마르테,2016,kt,0
마리몬,2016,kt,0
마에스트리,2016,한화,20000
마정길,2016,키움,20000
맥그레거,2016,키움,0
맥스웰,2016,롯데,0
모상기,2016,kt,0
모창민,2016,NC,12500
문경찬,2016,KIA,2700
문광은,2016,SSG,6000
문규현,2016,롯데,3000
문석종,2016,NC,2700
문선엽,2016,삼성,2800
문선재,2016,LG,6500
문성현,2016,키움,11000
문승원,2016,SSG,2900
문우람,2016,키움,0
문재현,2016,한화,2700
문진제,2016,두산,2700
민병헌,2016,두산,35000
민성기,2016,NC,3300
박건우,2016,두산,7000
박경수,2016,kt,23000
박계범,2016,삼성,2900
박광열,2016,NC,3000
박근홍,2016,삼성,11000
박기혁,2016,kt,15000
박노민,2016,한화,0
박동민,2016,KIA,2700
박동원,2016,키움,14000
박민규,2016,삼성,2700
박민석,2016,NC,2700
박민우,2016,NC,19000
박민호,2016,SSG,4000
박상언,2016,한화,2700
박상옥,2016,KIA,2800
박상원,2016,삼성,0
박석민,2016,NC,75000
박성민,2016,두산,0
박성준,2016,LG,3000
박성호,2016,한화,0
박세웅,2016,SSG,2700
박세웅,2016,롯데,5600
박세웅,2016,NC,2700
박세진,2016,kt,2700
박세혁,2016,두산,3000
박승욱,2016,SSG,2700
박시영,2016,롯데,2700
박용근,2016,kt,4000
박용택,2016,LG,80000
박윤,2016,키움,4000
박재상,2016,SSG,20000
박재욱,2016,LG,2700
박정권,2016,SSG,40000
박정배,2016,SSG,8000
박정수,2016,KIA,2700
박정음,2016,키움,2700
박정진,2016,한화,30000
박정현,2016,롯데,0
박제윤,2016,삼성,0
박종무,2016,롯데,2700
박종욱,2016,SSG,2700
박종윤,2016,롯데,16000
박종윤,2016,키움,2700
박종훈,2016,SSG,7000
박주현,2016,키움,2700
박준영,2016,NC,2700
박준태,2016,KIA,3400
박준혁,2016,한화,2400
박지규,2016,LG,2700
박진두,2016,KIA,2800
박진우,2016,NC,3200
박진형,2016,롯데,2800
박찬도,2016,삼성,3100
박찬호,2016,KIA,3700
박한결,2016,한화,2700
박한길,2016,롯데,3000
박한이,2016,삼성,45000
박해민,2016,삼성,15000
박헌도,2016,롯데,8000
박희수,2016,SSG,14000
발디리스,2016,삼성,0
방윤준,2016,한화,0
배민관,2016,LG,2700
배영섭,2016,삼성,16000
배영수,2016,한화,55000
배우열,2016,kt,3600
배장호,2016,롯데,4600
배재준,2016,LG,2700
배재환,2016,NC,2700
배정대,2016,kt,3500
배제성,2016,롯데,2700
배진호,2016,삼성,0
배힘찬,2016,KIA,3300
백상원,2016,삼성,4500
백세웅,2016,KIA,2800
백왕중,2016,롯데,0
백용환,2016,KIA,6000
백인식,2016,SSG,3800
백재엽,2016,KIA,0
백정현,2016,삼성,15000
백창수,2016,LG,4000
밴와트,2016,kt,0
밴헤켄,2016,키움,65000
벨레스터,2016,삼성,0
변진수,2016,두산,7300
보우덴,2016,두산,65000
봉중근,2016,LG,30000
서건창,2016,키움,26000
서덕원,2016,KIA,2700
서동욱,2016,KIA,5800
서동환,2016,삼성,0
서상우,2016,LG,6000
서예일,2016,두산,2700
서의태,2016,kt,2700
서진용,2016,SSG,3000
서캠프,2016,한화,0
성영훈,2016,두산,2700
성의준,2016,삼성,3000
세든,2016,SSG,0
소사,2016,LG,50000
손승락,2016,롯데,70000
손시헌,2016,NC,40000
손아섭,2016,롯데,60000
손용석,2016,롯데,3400
손정욱,2016,NC,5600
손주인,2016,LG,12000
송광민,2016,한화,10000
송민섭,2016,kt,2700
송성문,2016,키움,3000
송승준,2016,롯데,40000
송신영,2016,한화,19000
송우현,2016,키움,2700
송은범,2016,한화,45000
송주호,2016,한화,0
송창식,2016,한화,16000
송창현,2016,한화,3100
스튜어트,2016,NC,0
신명수,2016,키움,0
신민재,2016,LG,0
신범수,2016,KIA,2700
신본기,2016,롯데,5500
신성현,2016,한화,3700
신승현,2016,LG,6000
신용운,2016,삼성,5500
신재영,2016,키움,2700
신재웅,2016,SSG,16500
신종길,2016,KIA,12000
신창호,2016,KIA,0
신창희,2016,두산,2700
신현철,2016,kt,3000
심규범,2016,NC,2900
심동섭,2016,KIA,14000
심수창,2016,한화,25000
심우준,2016,kt,3500
심재민,2016,kt,4700
심창민,2016,삼성,14000
아두치,2016,롯데,0
안규영,2016,두산,3000
안상빈,2016,kt,3700
안상현,2016,SSG,2700
안성무,2016,삼성,2900
안승민,2016,한화,7000
안영명,2016,한화,28000
안익훈,2016,LG,4100
안정광,2016,kt,2900
안정훈,2016,키움,2700
안준모,2016,키움,2700
안준영,2016,롯데,0
안중열,2016,롯데,4000
안지만,2016,삼성,0
안치홍,2016,KIA,15000
안태경,2016,롯데,0
안현석,2016,키움,2700
양구렬,2016,두산,2700
양석환,2016,LG,7000
양성우,2016,한화,2800
양원혁,2016,LG,2700
양의지,2016,두산,42000
양현종,2016,KIA,75000
양형진,2016,롯데,2700
양효준,2016,LG,0
양훈,2016,키움,15000
엄상백,2016,kt,6000
엄태용,2016,한화,2700
에반스,2016,두산,55000
여건욱,2016,LG,5000
염진우,2016,한화,2700
오두철,2016,KIA,0
오석,2016,두산,0
오선진,2016,한화,8000
오승택,2016,롯데,7000
오윤석,2016,롯데,2700
오장훈,2016,두산,0
오재영,2016,키움,8800
오재원,2016,두산,55000
오재일,2016,두산,9500
오정복,2016,kt,8000
오주원,2016,키움,8800
오준혁,2016,KIA,3300
오지환,2016,LG,25000
오현근,2016,롯데,0
오현택,2016,두산,11000
용덕한,2016,NC,0
우규민,2016,LG,40000
우동균,2016,삼성,5500
우병걸,2016,삼성,0
원용묵,2016,SSG,0
원종현,2016,NC,8000
웹스터,2016,삼성,0
유강남,2016,LG,8100
유경국,2016,LG,2700
유민상,2016,kt,3200
유서준,2016,SSG,2900
유선정,2016,키움,0
유원상,2016,LG,7500
유재신,2016,키움,6000
유재유,2016,LG,2700
유재훈,2016,키움,2700
유정민,2016,롯데,0
유창식,2016,KIA,0
유한준,2016,kt,60000
유희관,2016,두산,40000
윤규진,2016,한화,17000
윤근영,2016,kt,6200
윤길현,2016,롯데,50000
윤대경,2016,삼성,2800
윤명준,2016,두산,11500
윤병호,2016,NC,2900
윤석민,2016,KIA,125000
윤석민,2016,키움,16000
윤석주,2016,SSG,0
윤성환,2016,삼성,80000
윤수호,2016,NC,2700
윤승열,2016,한화,2900
윤여운,2016,LG,2700
윤영삼,2016,키움,2500
윤영수,2016,삼성,2900
윤완주,2016,KIA,0
윤요섭,2016,kt,6500
윤정우,2016,KIA,2900
윤중환,2016,한화,0
윤지웅,2016,LG,12500
윤진호,2016,LG,3300
윤희상,2016,SSG,12000
이건욱,2016,SSG,2700
이경우,2016,롯데,0
이대수,2016,SSG,35000
이대형,2016,kt,30000
이도윤,2016,한화,2800
이동걸,2016,한화,5200
이동규,2016,LG,2700
이동원,2016,두산,2700
이동현,2016,LG,60000
이명기,2016,SSG,18000
이명우,2016,롯데,15000
이민재,2016,LG,0
이민호,2016,NC,13500
이범석,2016,KIA,0
이범준,2016,LG,3000
이범호,2016,KIA,65000
이병규,2016,삼성,0
이병규,2016,LG,15600
이병규7,2016,LG,15600
이병규9,2016,LG,80000
이병훈,2016,kt,0
이보근,2016,키움,8400
이상민,2016,키움,3000
이상백,2016,SSG,0
이상호,2016,NC,4000
이상화,2016,kt,5000
이상훈,2016,삼성,3500
이석훈,2016,롯데,2700
이성규,2016,삼성,2700
이성민,2016,롯데,0
이성열,2016,한화,25000
이성우,2016,KIA,6500
이승엽,2016,삼성,100000
이승우,2016,KIA,0
이승현,2016,LG,3700
이시원,2016,한화,2700
이시찬,2016,한화,0
이양기,2016,한화,5400
이여상,2016,롯데,3600
이영욱,2016,삼성,5500
이영재,2016,LG,2700
이영하,2016,두산,2700
이예찬,2016,롯데,0
이용규,2016,한화,70000
이용찬,2016,두산,14500
이용호,2016,두산,2700
이우민,2016,롯데,7000
이우석,2016,NC,2700
이우성,2016,두산,2800
이원석,2016,두산,15000
이원재,2016,두산,2800
이윤학,2016,kt,2700
이은총,2016,KIA,3000
이인복,2016,롯데,2900
이인행,2016,KIA,3000
이재곤,2016,롯데,3800
이재우,2016,한화,9000
이재원,2016,SSG,28000
이재율,2016,NC,2700
이재학,2016,NC,20000
이정담,2016,SSG,2700
이정민,2016,롯데,6500
이정식,2016,삼성,0
이정윤,2016,LG,0
이정훈,2016,키움,0
이종석,2016,KIA,2700
이종욱,2016,NC,50000
이종환,2016,한화,6200
이준수,2016,한화,3300
이준영,2016,KIA,2700
이준형,2016,LG,2800
이준형,2016,롯데,0
이지모,2016,롯데,2700
이지영,2016,삼성,21000
이지찬,2016,kt,2800
이진석,2016,LG,2900
이진영,2016,KIA,2700
이진영,2016,롯데,0
이진영,2016,kt,60000
이찬기,2016,두산,2700
이찬석,2016,키움,2700
이창섭,2016,NC,0
이창열,2016,한화,3200
이창재,2016,kt,4400
이창진,2016,kt,2900
이창호,2016,LG,2700
이천웅,2016,LG,2800
이케빈,2016,삼성,2700
이태양,2016,한화,6500
이택근,2016,키움,50000
이해창,2016,kt,2900
이현석,2016,SSG,2700
이현승,2016,두산,40000
이현호,2016,두산,6800
이형범,2016,NC,2700
이형종,2016,LG,2700
이호신,2016,KIA,3600
이호준,2016,NC,75000
이홍구,2016,KIA,7000
이훈,2016,NC,8000
이흥련,2016,두산,7500
이희근,2016,한화,0
이희성,2016,LG,0
임기준,2016,KIA,3300
임대한,2016,삼성,2700
임도혁,2016,kt,2700
임동휘,2016,키움,2700
임병욱,2016,키움,4000
임서준,2016,NC,0
임석진,2016,SSG,2700
임정우,2016,LG,12500
임정호,2016,NC,7700
임준섭,2016,한화,8500
임준혁,2016,SSG,13000
임지섭,2016,LG,3500
임지열,2016,키움,2700
임지유,2016,롯데,2700
임진우,2016,두산,3700
임찬규,2016,LG,4800
임창민,2016,NC,17400
임창용,2016,KIA,50000
임치영,2016,SSG,3000
임태준,2016,키움,2900
임한용,2016,KIA,0
임현준,2016,삼성,3300
임훈,2016,LG,13000
장국헌,2016,롯데,2700
장민석,2016,한화,10000
장민익,2016,두산,2800
장민재,2016,한화,3700
장성우,2016,kt,6500
장승현,2016,두산,2700
장시윤,2016,키움,3300
장시환,2016,kt,8900
장영석,2016,키움,3300
장운호,2016,한화,4200
장원삼,2016,삼성,75000
장원준,2016,두산,100000
장준원,2016,LG,3000
장진용,2016,LG,5000
장진혁,2016,한화,2700
장필준,2016,삼성,2800
장현식,2016,NC,2700
장현우,2016,kt,2700
전민수,2016,kt,2700
전상현,2016,KIA,2700
전용훈,2016,두산,2700
전우엽,2016,KIA,0
전유수,2016,SSG,13000
전은석,2016,KIA,2800
전인환,2016,LG,2700
전준우,2016,롯데,20500
전현태,2016,KIA,0
전호영,2016,LG,2700
정광운,2016,삼성,2800
정규식,2016,LG,0
정근우,2016,한화,70000
정다운,2016,kt,2700
정대현,2016,롯데,32000
정대현,2016,kt,6300
정대훈,2016,한화,5100
정덕현,2016,두산,2700
정동윤,2016,SSG,2700
정동현,2016,KIA,2700
정두산,2016,삼성,2700
정민우,2016,삼성,0
정범모,2016,한화,6000
정상호,2016,LG,50000
정성곤,2016,kt,3900
정성민,2016,NC,0
정성훈,2016,LG,50000
정수민,2016,NC,2700
정수빈,2016,두산,28000
정영일,2016,SSG,2700
정용운,2016,KIA,2800
정용준,2016,키움,2700
정우람,2016,한화,120000
정의윤,2016,SSG,12000
정인욱,2016,삼성,6000
정재원,2016,한화,3700
정재훈,2016,두산,0
정종진,2016,롯데,0
정주현,2016,LG,5000
정주후,2016,kt,2700
정진철,2016,두산,2700
정진호,2016,두산,5200
정찬헌,2016,LG,5100
정현석,2016,한화,9500
정현욱,2016,삼성,0
정회찬,2016,키움,0
정훈,2016,롯데,21000
조동찬,2016,삼성,40000
조동화,2016,SSG,30000
조무근,2016,kt,8500
조상우,2016,키움,17000
조성모,2016,SSG,2700
조수행,2016,두산,2700
조승수,2016,두산,2900
조영훈,2016,NC,11000
조원빈,2016,NC,2700
조윤준,2016,LG,3000
조인성,2016,한화,40000
조정훈,2016,롯데,5200
조준영,2016,롯데,0
조평호,2016,NC,3500
조한욱,2016,SSG,2700
조현근,2016,삼성,0
조현우,2016,kt,2800
주권,2016,kt,3600
주현상,2016,한화,3700
주효상,2016,키움,2700
지석훈,2016,NC,14000
지시완,2016,한화,2700
지재옥,2016,키움,0
지크,2016,KIA,0
진명호,2016,롯데,3800
진야곱,2016,두산,0
진해수,2016,LG,9500
차우찬,2016,삼성,40000
차일목,2016,한화,15000
차재용,2016,롯데,2800
차화준,2016,NC,0
채병용,2016,SSG,25000
채상현,2016,키움,2700
채선관,2016,kt,3000
채은성,2016,LG,5500
채지선,2016,두산,2700
채태인,2016,키움,30000
천원석,2016,LG,2700
최경철,2016,LG,9000
최금강,2016,NC,9200
최대성,2016,kt,8500
최동환,2016,LG,3500
최민구,2016,삼성,2900
최민섭,2016,키움,0
최민창,2016,LG,2700
최병연,2016,KIA,3000
최병욱,2016,두산,3000
최상인,2016,NC,2700
최선호,2016,삼성,3500
최성영,2016,NC,2700
최성훈,2016,LG,3500
최수빈,2016,SSG,2700
최승민,2016,삼성,0
최승준,2016,SSG,4200
최승훈,2016,롯데,2700
최영진,2016,두산,3000
최영필,2016,KIA,13000
최용규,2016,KIA,0
최용제,2016,두산,2700
최원재,2016,kt,4600
최원준,2016,KIA,2700
최원태,2016,키움,2700
최윤석,2016,한화,5700
최재원,2016,삼성,5000
최재혁,2016,NC,0
최재훈,2016,두산,6800
최정,2016,SSG,100000
최정민,2016,SSG,3000
최정용,2016,SSG,2700
최주엽,2016,삼성,0
최주환,2016,두산,11000
최준석,2016,롯데,40000
최진행,2016,한화,18500
최충연,2016,삼성,2700
최현정,2016,KIA,0
최형우,2016,삼성,70000
카스티요,2016,한화,0
켈리,2016,SSG,75000
코엘로,2016,키움,0
코프랜드,2016,LG,0
테임즈,2016,NC,0
플란데,2016,삼성,0
피노,2016,kt,0
피어밴드,2016,kt,35000
필,2016,KIA,0
하성진,2016,SSG,2700
하영민,2016,키움,5500
하주석,2016,한화,3200
하준호,2016,kt,6000
한기주,2016,KIA,6500
한승지,2016,kt,2700
한승택,2016,KIA,2700
한승혁,2016,KIA,7000
한승혁,2016,롯데,2700
한유섬,2016,SSG,6500
한주성,2016,두산,2700
한현희,2016,키움,30000
한희,2016,LG,0
함덕주,2016,두산,10000
해커,2016,NC,60000
허경민,2016,두산,20000
허도환,2016,한화,7500
허웅,2016,SSG,3300
허웅,2016,SSG,2700
허웅35,2016,SSG,3300
허웅96,2016,SSG,2700
허정협,2016,키움,3000
허준혁,2016,두산,7500
허준혁,2016,롯데,0
허프,2016,LG,55000
헥터,2016,KIA,170000
홍건희,2016,KIA,4500
홍상삼,2016,두산,22000
홍성갑,2016,키움,3200
홍성무,2016,kt,3600
홍성용,2016,kt,7000
홍성호,2016,두산,2700
홍성흔,2016,두산,0
홍영현,2016,두산,2700
홍재호,2016,KIA,3400
홍창기,2016,LG,2700
황경태,2016,두산,2700
황대인,2016,KIA,3000
황덕균,2016,키움,2700
황목치승,2016,LG,4000
황선도,2016,삼성,2700
황선일,2016,한화,0
황수범,2016,삼성,2700
황윤호,2016,NC,2700
황재균,2016,롯데,50000
황진수,2016,롯데,2800
히메네스,2016,LG,50000
강경학,2017,한화,6200
강구성,2017,NC,2700
강동관,2017,롯데,2700
강동호,2017,롯데,2700
강민호,2017,롯데,100000
강병무,2017,NC,0
강상원,2017,한화,2700
강승호,2017,LG,3500
강승훈,2017,kt,2700
강영식,2017,롯데,0
강윤구,2017,NC,8000
강장산,2017,kt,3000
강지광,2017,키움,3000
강진성,2017,NC,2700
강찬영,2017,KIA,2700
강한울,2017,삼성,9000
고봉재,2017,두산,4400
고영표,2017,kt,5200
고우석,2017,LG,2700
고원준,2017,두산,0
고장혁,2017,KIA,4300
고종욱,2017,키움,12000
고효준,2017,KIA,8000
곽경문,2017,삼성,2700
곽정철,2017,KIA,5000
구자욱,2017,삼성,16000
구준범,2017,삼성,2800
구창모,2017,NC,5700
국해성,2017,두산,5000
권기영,2017,SSG,2700
권법수,2017,NC,2700
권오준,2017,삼성,10500
권용우,2017,한화,2700
권정웅,2017,삼성,3000
권혁,2017,한화,45000
권희동,2017,NC,6800
금민철,2017,키움,7300
김강률,2017,두산,6200
김강민,2017,SSG,60000
김건국,2017,롯데,2700
김건태,2017,키움,4200
김결의,2017,삼성,2700
김경언,2017,한화,0
김경태,2017,한화,3200
김광수,2017,KIA,0
김광수,2017,LG,2700
김광현,2017,SSG,90000
김규민,2017,키움,2700
김규성,2017,KIA,2800
김기연,2017,LG,2700
김기탁,2017,한화,2700
김기태,2017,삼성,6500
김남길,2017,롯데,2700
김다원,2017,KIA,6000
김단우,2017,LG,3000
김대륙,2017,롯데,3400
김대우,2017,삼성,15000
김대우,2017,롯데,3000
김대유,2017,SSG,2700
김도영,2017,kt,2700
김도현,2017,SSG,3200
김동명,2017,kt,3100
김동엽,2017,SSG,4700
김동욱,2017,kt,3100
김동은,2017,kt,0
김동한,2017,롯데,3800
김동호,2017,삼성,5000
김만수,2017,kt,3000
김명서,2017,한화,2700
김명신,2017,두산,2700
김명찬,2017,KIA,3200
김문호,2017,롯데,14000
김민성,2017,키움,37000
김민수,2017,삼성,3000
김민수,2017,NC,2700
김민식,2017,KIA,6000
김민우,2017,한화,3800
김민준,2017,키움,2700
김민하,2017,롯데,3600
김민혁,2017,두산,0
김범수,2017,한화,3300
김병근,2017,한화,2700
김병현,2017,한화,2700
김사연,2017,kt,4000
김사윤,2017,SSG,2700
김사율,2017,kt,20000
김사훈,2017,롯데,2900
김상수,2017,삼성,31000
김상수,2017,키움,12000
김상호,2017,롯데,6000
김석환,2017,KIA,2700
김선규,2017,NC,0
김선민,2017,kt,3000
김선빈,2017,KIA,8000
김성민,2017,키움,2700
김성배,2017,두산,0
김성욱,2017,NC,10000
김성윤,2017,삼성,2700
김성재,2017,롯데,0
김성택,2017,키움,2700
김성현,2017,SSG,28000
김성현,2017,키움,2700
김성협,2017,LG,2700
김성훈,2017,삼성,2700
김성훈,2017,한화,2700
김세현,2017,키움,27000
김승현,2017,삼성,2900
김승회,2017,두산,10000
김시현,2017,삼성,2700
김연훈,2017,kt,0
김영일,2017,롯데,0
김영중,2017,NC,2700
김용의,2017,LG,12000
김용인,2017,KIA,0
김용주,2017,한화,3300
김웅,2017,롯데,0
김웅빈,2017,키움,3000
김원섭,2017,KIA,0
김원중,2017,롯데,3000
김유영,2017,롯데,3400
김윤동,2017,KIA,4700
김윤환,2017,키움,0
김인태,2017,두산,3000
김재민,2017,LG,3000
김재영,2017,한화,3000
김재웅,2017,키움,2700
김재유,2017,롯데,3000
김재윤,2017,kt,9000
김재율,2017,LG,2900
김재현,2017,SSG,7000
김재현,2017,키움,5300
김재호,2017,두산,65000
김재환,2017,두산,20000
김정인,2017,키움,3000
김정혁,2017,삼성,0
김종덕,2017,키움,0
김종민,2017,NC,5500
김종수,2017,한화,2700
김종호,2017,NC,0
김종환,2017,롯데,0
김종훈,2017,KIA,2800
김주성,2017,LG,2700
김주온,2017,SSG,2700
김주찬,2017,KIA,60000
김주한,2017,SSG,5700
김주현,2017,롯데,0
김주현,2017,한화,2800
김주형,2017,KIA,11000
김준완,2017,NC,7000
김지성,2017,KIA,3800
김지수,2017,키움,6200
김지용,2017,LG,10000
김지훈,2017,한화,2700
김진곤,2017,kt,3000
김진성,2017,NC,18000
김진영,2017,한화,2700
김진우,2017,KIA,12000
김진호,2017,NC,2700
김찬균,2017,한화,0
김찬형,2017,NC,2700
김찬호,2017,SSG,2900
김창혁,2017,한화,2700
김태균,2017,한화,160000
김태수,2017,삼성,2700
김태연,2017,한화,2700
김태영,2017,LG,0
김태오,2017,kt,2700
김태완,2017,키움,5000
김태완,2017,키움,0
김태우,2017,NC,0
김태현,2017,NC,2700
김태형,2017,LG,2700
김태훈,2017,SSG,2800
김태훈,2017,kt,3000
김택형,2017,키움,4400
김하성,2017,키움,22000
김해수,2017,키움,2700
김헌곤,2017,삼성,5000
김혁민,2017,한화,9500
김현우,2017,삼성,0
김현준,2017,KIA,2800
김혜성,2017,키움,2700
김호령,2017,KIA,9500
김호민,2017,NC,0
김호연,2017,키움,0
김홍빈,2017,키움,0
김회성,2017,한화,5500
나경민,2017,롯데,3600
나규호,2017,LG,0
나성범,2017,NC,35000
나성용,2017,삼성,0
나원탁,2017,삼성,2700
나종덕,2017,롯데,2700
나주환,2017,SSG,15000
나지완,2017,KIA,60000
남경호,2017,두산,2800
남윤성,2017,SSG,2700
남태혁,2017,kt,3000
노경은,2017,롯데,16000
노관현,2017,KIA,2700
노수광,2017,SSG,6800
니퍼트,2017,두산,210000
대니돈,2017,키움,0
도태훈,2017,NC,2700
러프,2017,삼성,110000
레나도,2017,삼성,0
레일리,2017,롯데,85000
로니,2017,LG,0
로맥,2017,SSG,30000
로사리오,2017,한화,0
로치,2017,kt,0
류승현,2017,KIA,2800
류제국,2017,LG,35000
류지혁,2017,두산,5700
류희운,2017,kt,3000
마정길,2017,키움,0
마켈,2017,롯데,0
맨쉽,2017,NC,0
모넬,2017,kt,45000
모넬,2017,kt,0
모창민,2017,NC,11700
문광은,2017,SSG,4500
문규현,2017,롯데,12000
문대원,2017,두산,2700
문선엽,2017,삼성,0
문선재,2017,LG,8000
문승원,2017,SSG,4400
문용익,2017,삼성,2700
문진제,2017,두산,2700
민병헌,2017,두산,55000
민태호,2017,NC,3300
박건우,2017,두산,19500
박경수,2017,kt,23000
박경태,2017,KIA,4900
박광열,2017,NC,3000
박근홍,2017,삼성,10000
박기혁,2017,kt,15000
박기환,2017,한화,0
박동원,2017,키움,20000
박민규,2017,삼성,0
박민석,2017,NC,0
박민우,2017,NC,25000
박부성,2017,LG,2700
박상원,2017,한화,2700
박상혁,2017,NC,0
박석민,2017,NC,75000
박성민,2017,롯데,2700
박성한,2017,SSG,2700
박성환,2017,두산,2700
박세웅,2017,SSG,2700
박세웅,2017,롯데,10000
박세웅,2017,NC,0
박세진,2017,kt,3000
박세혁,2017,두산,6000
박승욱,2017,SSG,3500
박승주,2017,키움,2400
박시영,2017,롯데,5000
박용근,2017,LG,0
박용택,2017,LG,80000
박유연,2017,두산,2700
박윤,2017,한화,0
박재상,2017,키움,0
박재욱,2017,LG,3500
박정권,2017,SSG,40000
박정배,2017,SSG,8000
박정우,2017,KIA,2700
박정음,2017,키움,6600
박정준,2017,키움,2700
박정진,2017,한화,33000
박종욱,2017,SSG,2700
박종윤,2017,롯데,0
박종윤,2017,키움,0
박종훈,2017,SSG,10000
박주현,2017,키움,5500
박준영,2017,NC,4000
박준혁,2017,한화,2900
박지훈,2017,KIA,5000
박진수,2017,한화,0
박진태,2017,KIA,2700
박진형,2017,롯데,6000
박찬범,2017,두산,0
박치국,2017,두산,2700
박한길,2017,롯데,3500
박한이,2017,삼성,45000
박해민,2017,삼성,23000
박헌도,2017,롯데,5600
박헌욱,2017,NC,2700
박희수,2017,SSG,21000
방건우,2017,두산,2700
배민관,2017,LG,3000
배영섭,2017,삼성,15000
배영수,2017,한화,55000
배우열,2017,kt,4600
배장호,2017,롯데,5400
배재환,2017,NC,4000
배제성,2017,kt,2700
배힘찬,2017,KIA,0
백민규,2017,두산,2700
백상원,2017,삼성,9000
백용환,2017,KIA,5500
백정현,2017,삼성,10000
백창수,2017,LG,4200
밴헤켄,2017,키움,0
버나디나,2017,KIA,75000
번즈,2017,롯데,60000
보우덴,2017,두산,0
봉중근,2017,LG,35000
브리검,2017,키움,25000
비야누에바,2017,한화,0
서건창,2017,키움,40000
서균,2017,한화,2700
서동욱,2017,KIA,15000
서상우,2017,LG,5500
서진용,2017,SSG,4000
성영훈,2017,두산,2700
성의준,2017,삼성,0
소사,2017,LG,50000
소이현,2017,NC,2700
손동욱,2017,KIA,2800
손승락,2017,롯데,70000
손시헌,2017,NC,40000
손아섭,2017,롯데,65000
손영민,2017,KIA,8000
손용석,2017,NC,0
손주영,2017,LG,2700
손주인,2017,LG,20000
송광민,2017,한화,20000
송성문,2017,키움,3000
송승준,2017,롯데,40000
송신영,2017,키움,0
송우현,2017,키움,2700
송윤준,2017,LG,2700
송은범,2017,한화,45000
송주은,2017,롯데,2700
송창식,2017,한화,22000
송창현,2017,롯데,2700
송후섭,2017,KIA,2700
스크럭스,2017,NC,80000
신경모,2017,LG,0
신범수,2017,KIA,2800
신본기,2017,롯데,5500
신성현,2017,두산,5700
신승현,2017,KIA,0
신용운,2017,삼성,0
신원재,2017,롯데,2700
신재영,2017,키움,11000
신재웅,2017,SSG,12000
신정락,2017,LG,7500
신종길,2017,KIA,9800
신진호,2017,NC,2700
신현철,2017,kt,0
심동섭,2017,KIA,11000
심수창,2017,한화,25000
심우준,2017,kt,5000
심재민,2017,kt,5700
심창민,2017,삼성,21000
안규영,2017,두산,0
안규현,2017,삼성,2800
안상빈,2017,kt,3200
안상현,2017,SSG,2700
안성무,2017,삼성,2800
안승민,2017,한화,7000
안영명,2017,한화,20000
안익훈,2017,LG,5000
안정광,2017,kt,0
안정훈,2017,키움,0
안주형,2017,삼성,2700
안중열,2017,롯데,3000
안치홍,2017,KIA,22000
안태경,2017,롯데,0
안현석,2017,키움,2700
애디튼,2017,롯데,0
양상문,2017,LG,30000
양석환,2017,LG,9000
양성우,2017,한화,8000
양의지,2017,두산,48000
양지율,2017,키움,2700
양현종,2017,KIA,150000
양훈,2017,키움,0
엄상백,2017,kt,5300
에반스,2017,두산,0
여건욱,2017,LG,4000
여인태,2017,한화,2700
오간도,2017,한화,0
오경우,2017,한화,0
오상엽,2017,LG,2700
오석주,2017,LG,2700
오선진,2017,한화,7600
오설리반,2017,키움,0
오승택,2017,롯데,6000
오윤성,2017,키움,2700
오재원,2017,두산,55000
오재일,2017,두산,19800
오정복,2017,kt,7000
오주원,2017,키움,12000
오준혁,2017,KIA,4200
오지환,2017,LG,35000
오태곤,2017,kt,6000
오현택,2017,두산,8000
우규민,2017,삼성,70000
우동균,2017,삼성,5500
워스,2017,SSG,0
원종현,2017,NC,14000
원혁재,2017,한화,2700
유강남,2017,LG,10000
유경국,2017,LG,0
유민상,2017,kt,4500
유승철,2017,KIA,2700
유원상,2017,LG,6000
유재신,2017,키움,6500
유재유,2017,LG,3000
유재훈,2017,키움,0
유한준,2017,kt,60000
유희관,2017,두산,50000
윤규진,2017,한화,18000
윤근영,2017,kt,4000
윤길현,2017,롯데,50000
윤대경,2017,삼성,2800
윤병호,2017,NC,3000
윤석민,2017,KIA,125000
윤석민,2017,키움,21000
윤성빈,2017,롯데,2700
윤성환,2017,삼성,80000
윤수호,2017,NC,2700
윤영삼,2017,키움,2900
윤영수,2017,삼성,0
윤요섭,2017,LG,0
윤정우,2017,SSG,4000
윤지웅,2017,LG,9500
윤진호,2017,LG,4000
윤희상,2017,SSG,15000
이건욱,2017,SSG,2700
이대수,2017,SSG,35000
이대형,2017,kt,30000
이대호,2017,롯데,250000
이동걸,2017,한화,5000
이동원,2017,두산,2700
이동현,2017,LG,60000
이명기,2017,KIA,15000
이명우,2017,롯데,11000
이민호,2017,NC,16000
이범호,2017,KIA,65000
이병규,2017,LG,12000
이병규,2017,키움,2700
이병휘,2017,두산,2700
이보근,2017,키움,15000
이상군,2017,한화,0
이상호,2017,NC,4800
이상화,2017,kt,4500
이상훈,2017,한화,0
이석훈,2017,롯데,2700
이성곤,2017,두산,2800
이성열,2017,한화,23000
이성우,2017,SSG,6000
이수민,2017,삼성,3000
이승엽,2017,두산,0
이승현,2017,삼성,6200
이승호,2017,KIA,2700
이시원,2017,한화,2800
이양기,2017,한화,0
이여상,2017,롯데,0
이영욱,2017,삼성,6500
이영하,2017,두산,2700
이용규,2017,한화,90000
이용찬,2017,두산,18000
이용호,2017,두산,0
이우민,2017,롯데,0
이우성,2017,두산,2800
이원석,2017,삼성,30000
이원재,2017,두산,2700
이원준,2017,SSG,2700
이인행,2017,KIA,3100
이재곤,2017,롯데,2700
이재근,2017,kt,2700
이재용,2017,NC,2700
이재우,2017,한화,0
이재욱,2017,롯데,2700
이재원,2017,SSG,35000
이재율,2017,NC,3000
이재학,2017,NC,20000
이정담,2017,SSG,2800
이정민,2017,롯데,15000
이정현,2017,kt,2700
이정후,2017,키움,2700
이종욱,2017,NC,50000
이종혁,2017,kt,2700
이종환,2017,한화,0
이주형,2017,한화,2700
이준수,2017,kt,3000
이준평,2017,NC,0
이준형,2017,LG,6500
이준호,2017,KIA,4000
이지영,2017,삼성,26000
이지원,2017,롯데,0
이진영,2017,kt,40000
이찬기,2017,두산,0
이찬석,2017,키움,2700
이찬혁,2017,LG,2700
이창열,2017,한화,3200
이창율,2017,LG,2700
이창재,2017,kt,5200
이창호,2017,LG,0
이천웅,2017,LG,9300
이케빈,2017,삼성,2700
이태양,2017,한화,8300
이택근,2017,키움,50000
이해창,2017,kt,4500
이현동,2017,삼성,2800
이현승,2017,두산,40000
이현호,2017,두산,6000
이형범,2017,NC,2700
이형종,2017,LG,6000
이호신,2017,KIA,4000
이호준,2017,LG,0
이홍구,2017,SSG,10000
임기영,2017,KIA,3100
임기준,2017,KIA,3700
임대한,2017,삼성,3700
임병욱,2017,키움,6500
임석진,2017,SSG,2700
임성재,2017,kt,2900
임익준,2017,한화,3500
임정우,2017,LG,22000
임정호,2017,NC,8700
임준혁,2017,SSG,10000
임진우,2017,두산,3200
임찬규,2017,LG,6500
임창민,2017,NC,22500
임창용,2017,KIA,50000
임현준,2017,삼성,3200
임훈,2017,LG,10000
장대한,2017,한화,0
장민석,2017,한화,10000
장민익,2017,두산,2700
장민재,2017,한화,8100
장성우,2017,kt,5000
장시윤,2017,키움,3600
장시환,2017,롯데,6500
장영석,2017,키움,3600
장원삼,2017,삼성,75000
장원준,2017,두산,100000
장준원,2017,LG,3200
장지훈,2017,삼성,2700
장진용,2017,LG,5000
장필준,2017,삼성,6500
장현식,2017,NC,6400
전민수,2017,kt,5000
전용훈,2017,두산,2700
전유수,2017,SSG,11000
전은석,2017,KIA,2800
전준우,2017,롯데,20500
전준호,2017,LG,2700
전태준,2017,두산,2700
정근우,2017,한화,70000
정기훈,2017,두산,2700
정대현,2017,키움,5500
정대훈,2017,한화,0
정동윤,2017,SSG,2700
정동현,2017,KIA,3000
정범모,2017,한화,5500
정병곤,2017,삼성,3500
정상교,2017,KIA,0
정상호,2017,LG,50000
정성곤,2017,kt,3300
정성훈,2017,삼성,0
정성훈,2017,LG,30000
정수민,2017,NC,3700
정영일,2017,SSG,4000
정용운,2017,KIA,3100
정용준,2017,키움,0
정우람,2017,한화,120000
정윤호,2017,키움,0
정윤환,2017,KIA,2700
정의윤,2017,SSG,30000
정인석,2017,두산,0
정인욱,2017,삼성,7200
정재원,2017,한화,4000
정주현,2017,LG,6000
정주후,2017,kt,2900
정진기,2017,SSG,2900
정진철,2017,두산,0
정진호,2017,두산,4700
정찬헌,2017,LG,4500
정태승,2017,롯데,2700
정현,2017,kt,2800
정현석,2017,한화,0
정훈,2017,롯데,15000
조근종,2017,kt,2700
조동찬,2017,삼성,40000
조동화,2017,SSG,30000
조무근,2017,kt,5700
조병욱,2017,kt,2700
조상우,2017,키움,15000
조수행,2017,두산,3600
조승수,2017,두산,0
조영훈,2017,NC,0
조용호,2017,SSG,3100
조원빈,2017,NC,2700
조윤준,2017,LG,3000
조인성,2017,LG,0
조평호,2017,NC,3500
조현덕,2017,삼성,0
주권,2017,kt,7500
주효상,2017,키움,3000
지석훈,2017,NC,14900
지시완,2017,한화,3000
지윤,2017,두산,2700
진해수,2017,LG,11000
차우찬,2017,LG,100000
차일목,2017,한화,0
차재용,2017,롯데,2800
채병용,2017,SSG,25000
채상현,2017,키움,0
채선관,2017,kt,0
채은성,2017,LG,16000
채태인,2017,키움,30000
최경철,2017,롯데,0
최규보,2017,키움,2700
최금강,2017,NC,14000
최대성,2017,kt,4000
최동현,2017,두산,2700
최동환,2017,LG,6000
최민구,2017,삼성,0
최민국,2017,롯데,0
최민섭,2017,키움,0
최병연,2017,KIA,3300
최병욱,2017,두산,2900
최선호,2017,삼성,0
최성영,2017,NC,2900
최성훈,2017,LG,4500
최승주,2017,KIA,2700
최승준,2017,SSG,6200
최영진,2017,삼성,3000
최영필,2017,KIA,0
최원재,2017,kt,0
최원준,2017,KIA,3100
최원태,2017,키움,4500
최윤석,2017,한화,5200
최재원,2017,LG,6500
최재훈,2017,한화,5800
최정,2017,SSG,120000
최정민,2017,KIA,5500
최정용,2017,KIA,3500
최종현,2017,삼성,2700
최주환,2017,두산,10000
최준석,2017,롯데,40000
최지광,2017,삼성,2700
최진행,2017,한화,17000
최충연,2017,삼성,3000
최항,2017,SSG,0
최현진,2017,두산,0
최형우,2017,KIA,150000
켈리,2017,SSG,85000
팻딘,2017,KIA,70000
페트릭,2017,삼성,0
피어밴드,2017,kt,35000
하영민,2017,키움,6000
하주석,2017,한화,9000
하준호,2017,kt,5200
한기주,2017,KIA,6000
한승택,2017,KIA,3100
한승혁,2017,KIA,7500
한유섬,2017,SSG,7000
한주성,2017,두산,2700
한현희,2017,키움,25000
함덕주,2017,두산,7000
해커,2017,NC,60000
허건엽,2017,SSG,3300
허경민,2017,두산,30000
허도환,2017,한화,7800
허웅,2017,SSG,2700
허웅,2017,SSG,0
허정협,2017,키움,3300
허프,2017,LG,0
헥터,2017,KIA,170000
홍건희,2017,KIA,9000
홍상삼,2017,두산,12500
홍성갑,2017,키움,3600
홍성무,2017,kt,3000
홍성용,2017,kt,6300
홍영현,2017,두산,0
홍재호,2017,KIA,3700
홍지훈,2017,롯데,2700
홍현빈,2017,kt,2700
황경태,2017,두산,2700
황덕균,2017,키움,0
황목치승,2017,LG,0
황선도,2017,삼성,2800
황수범,2017,삼성,2700
황영국,2017,한화,2700
황윤호,2017,NC,3000
황진수,2017,롯데,2800
히메네스,2017,LG,0
가르시아,2018,LG,0
강경학,2018,한화,5800
강구성,2018,LG,0
강동관,2018,롯데,2700
강동권,2018,SSG,0
강명준,2018,한화,0
강민호,2018,삼성,100000
강백호,2018,kt,2700
강병의,2018,LG,0
강상원,2018,한화,3000
강승현,2018,한화,0
강승호,2018,LG,6600
강승훈,2018,kt,0
강윤구,2018,NC,8500
강이준,2018,KIA,2800
강장산,2018,kt,0
강지광,2018,SSG,3000
강진성,2018,NC,3000
강찬영,2018,KIA,2800
강태율,2018,롯데,2700
강한울,2018,삼성,15500
계정웅,2018,두산,0
고명성,2018,kt,2700
고봉재,2018,두산,3300
고성우,2018,롯데,0
고영창,2018,KIA,2800
고영표,2018,kt,11500
고우석,2018,LG,4000
고종욱,2018,키움,11000
고토,2018,두산,3000
고효준,2018,롯데,10000
공민규,2018,삼성,2700
공수빈,2018,NC,0
곽경문,2018,삼성,0
곽병선,2018,삼성,0
곽빈,2018,두산,2700
곽정철,2018,KIA,0
구승민,2018,롯데,3400
구자욱,2018,삼성,25000
구창모,2018,키움,9000
구황,2018,NC,0
국해성,2018,두산,5000
권기영,2018,SSG,2700
권민석,2018,두산,2700
권오준,2018,삼성,15000
권용우,2018,한화,2700
권유식,2018,KIA,0
권정웅,2018,삼성,4500
권혁,2018,한화,45000
권희동,2018,NC,13000
금민철,2018,kt,8000
김강래,2018,한화,0
김강률,2018,두산,15000
김강민,2018,SSG,60000
김건국,2018,롯데,2700
김건태,2018,NC,4500
김결의,2018,삼성,2800
김경년,2018,NC,0
김경태,2018,한화,4000
김경호,2018,두산,2700
김광수,2018,LG,0
김광현,2018,SSG,140000
김규민,2018,키움,2900
김기연,2018,LG,2700
김기태,2018,삼성,0
김다원,2018,KIA,0
김단우,2018,LG,7000
김달환,2018,kt,0
김대우,2018,삼성,12000
김대우,2018,롯데,2900
김대유,2018,SSG,3000
김도규,2018,롯데,2700
김도영,2018,kt,0
김도현,2018,두산,3200
김도환,2018,NC,0
김동엽,2018,SSG,11500
김동우,2018,롯데,2700
김동욱,2018,kt,0
김동준,2018,키움,4900
김동찬,2018,삼성,0
김동한,2018,롯데,6300
김만수,2018,kt,3100
김명서,2018,한화,0
김명신,2018,두산,5200
김문호,2018,롯데,15000
김민,2018,kt,2700
김민규,2018,두산,2700
김민기,2018,한화,2700
김민섭,2018,kt,2700
김민성,2018,키움,35000
김민수,2018,삼성,3300
김민수,2018,NC,2700
김민식,2018,KIA,15000
김민우,2018,한화,3600
김민재,2018,SSG,2700
김민하,2018,한화,3200
김민혁,2018,두산,3000
김범수,2018,한화,3600
김병재,2018,NC,0
김병현,2018,한화,2700
김병희,2018,kt,2700
김사율,2018,kt,0
김사훈,2018,롯데,4000
김상수,2018,삼성,24000
김상수,2018,키움,16500
김상호,2018,롯데,6200
김상훈,2018,키움,0
김석환,2018,KIA,2800
김선기,2018,키움,2700
김선빈,2018,KIA,28000
김선우,2018,삼성,2700
김성민,2018,KIA,0
김성민,2018,키움,5500
김성욱,2018,NC,10500
김성윤,2018,삼성,3000
김성윤,2018,kt,0
김성택,2018,키움,0
김성현,2018,SSG,25000
김성현,2018,키움,0
김성협,2018,LG,2700
김성호,2018,SSG,0
김성훈,2018,삼성,4700
김성훈,2018,한화,2700
김세현,2018,KIA,29000
김수환,2018,키움,2700
김승범,2018,KIA,2700
김승현,2018,삼성,4000
김승회,2018,두산,10000
김승후,2018,두산,0
김시현,2018,삼성,3300
김시훈,2018,NC,2700
김영광,2018,키움,0
김영규,2018,NC,2700
김영준,2018,LG,2700
김영중,2018,NC,2700
김영한,2018,삼성,0
김용의,2018,LG,9000
김용주,2018,kt,3300
김용하,2018,삼성,2700
김원중,2018,롯데,6300
김유신,2018,KIA,2700
김윤동,2018,KIA,15000
김윤수,2018,삼성,2700
김응민,2018,삼성,3000
김의준,2018,LG,2700
김인태,2018,두산,3200
김인환,2018,한화,2800
김재균,2018,NC,2700
김재민,2018,LG,0
김재성,2018,LG,2900
김재영,2018,한화,5300
김재웅,2018,키움,2700
김재윤,2018,kt,11000
김재율,2018,LG,6800
김재현,2018,SSG,5100
김재현,2018,키움,5000
김재호,2018,두산,65000
김재환,2018,두산,47000
김정우,2018,SSG,2700
김정인,2018,키움,3200
김정후,2018,두산,3500
김종덕,2018,키움,2700
김종민,2018,NC,5300
김종성,2018,kt,2800
김종수,2018,한화,2700
김종훈,2018,KIA,0
김주성,2018,LG,2900
김주찬,2018,KIA,40000
김주한,2018,SSG,9000
김주형,2018,KIA,7500
김지성,2018,KIA,0
김지수,2018,키움,6200
김지열,2018,kt,0
김지용,2018,LG,9000
김지훈,2018,한화,0
김진곤,2018,kt,3300
김진성,2018,NC,23000
김진영,2018,한화,3000
김진욱,2018,한화,2700
김진형,2018,NC,2700
김찬형,2018,NC,2700
김철호,2018,NC,2700
김태균,2018,한화,160000
김태수,2018,삼성,2700
김태연,2018,한화,3000
김태오,2018,kt,2700
김태완,2018,키움,6000
김태우,2018,삼성,2700
김태형,2018,LG,2700
김태훈,2018,SSG,4000
김태훈,2018,kt,3000
김택형,2018,SSG,4000
김표승,2018,SSG,2700
김하성,2018,키움,32000
김한별,2018,키움,2700
김한솔,2018,키움,0
김해수,2018,키움,0
김헌곤,2018,삼성,8500
김혁민,2018,한화,0
김현,2018,롯데,2700
김현수,2018,LG,140000
김형준,2018,NC,2700
김혜성,2018,키움,2900
김호재,2018,삼성,2800
김호준,2018,두산,2700
김회성,2018,한화,5800
김희원,2018,NC,0
나경민,2018,롯데,5800
나성범,2018,NC,43000
나원탁,2018,롯데,2800
나종덕,2018,롯데,2800
나주환,2018,SSG,30000
나지완,2018,KIA,60000
남경호,2018,두산,0
남태혁,2018,kt,3300
노건우,2018,NC,4500
노경은,2018,롯데,10000
노관현,2018,KIA,0
노병훈,2018,NC,0
노수광,2018,SSG,13000
노윤상,2018,키움,0
노진혁,2018,NC,4300
니퍼트,2018,kt,0
도태훈,2018,NC,3000
듀브론트,2018,롯데,0
러프,2018,삼성,140000
레일리,2018,롯데,111000
로맥,2018,SSG,50000
로저스,2018,키움,0
로하스,2018,kt,80000
류승현,2018,KIA,2900
류재인,2018,NC,0
류제국,2018,LG,29000
류중일,2018,LG,50000
류지혁,2018,두산,9500
류형우,2018,LG,2700
류효용,2018,SSG,0
류희운,2018,kt,4000
린드블럼,2018,두산,135000
맹성주,2018,삼성,2700
모창민,2018,NC,18500
문경찬,2018,KIA,3100
문광은,2018,SSG,6000
문규현,2018,롯데,18000
문대원,2018,두산,2700
문동욱,2018,한화,2900
문상인,2018,kt,2700
문석종,2018,NC,2700
문선재,2018,LG,7000
문성주,2018,LG,2700
문성현,2018,키움,8800
문승원,2018,SSG,9000
문용익,2018,삼성,2700
문장은,2018,KIA,0
문재현,2018,한화,2700
문진제,2018,두산,0
민병헌,2018,롯데,100000
민태호,2018,NC,4000
박건우,2018,두산,37000
박경수,2018,kt,23000
박경태,2018,KIA,4000
박광열,2018,NC,3600
박규민,2018,SSG,2700
박근홍,2018,삼성,8000
박기혁,2018,kt,0
박동원,2018,키움,18000
박민우,2018,NC,32000
박민주,2018,NC,0
박병호,2018,키움,150000
박상원,2018,한화,3100
박석민,2018,NC,75000
박성모,2018,두산,2700
박성민,2018,키움,0
박성한,2018,SSG,2700
박성환,2018,두산,0
박세웅,2018,삼성,2700
박세웅,2018,롯데,25000
박세진,2018,kt,3100
박세혁,2018,두산,10000
박승완,2018,롯데,0
박승욱,2018,SSG,4500
박시영,2018,롯데,6300
박신지,2018,두산,2700
박용민,2018,삼성,2700
박용택,2018,LG,80000
박유연,2018,두산,2800
박으뜸,2018,NC,0
박재영,2018,kt,2700
박정권,2018,SSG,40000
박정배,2018,SSG,14000
박정수,2018,KIA,3300
박정음,2018,키움,5500
박정준,2018,두산,2700
박정진,2018,한화,0
박종기,2018,두산,2800
박종훈,2018,SSG,20000
박주현,2018,키움,4000
박주현,2018,kt,2700
박주홍,2018,한화,2700
박준태,2018,KIA,3800
박준혁,2018,한화,3000
박준혁,2018,kt,2700
박지규,2018,LG,5000
박지호,2018,롯데,0
박지훈,2018,KIA,4200
박진형,2018,롯데,10500
박찬도,2018,삼성,5000
박치국,2018,두산,3400
박한이,2018,삼성,25000
박해민,2018,삼성,29000
박헌도,2018,롯데,0
박헌욱,2018,NC,2700
박효일,2018,KIA,0
박휘성,2018,롯데,0
박희수,2018,SSG,18500
박희주,2018,KIA,0
반슬라이크,2018,두산,0
방건우,2018,두산,0
배민관,2018,LG,0
배성근,2018,롯데,2700
배영섭,2018,삼성,13000
배영수,2018,한화,50000
배우열,2018,kt,4700
배장호,2018,롯데,13000
배재준,2018,LG,2700
배재환,2018,NC,3000
배제성,2018,kt,3000
배창현,2018,두산,2700
배현호,2018,키움,2700
백남원,2018,LG,2700
백동훈,2018,두산,3000
백미카엘,2018,KIA,2700
백민규,2018,두산,2700
백상원,2018,삼성,0
백선기,2018,kt,2700
백승민,2018,삼성,2700
백승현,2018,LG,3000
백용환,2018,KIA,5300
백인식,2018,SSG,4000
백정현,2018,삼성,15500
백창수,2018,한화,5000
버나디나,2018,KIA,0
번즈,2018,롯데,73000
베렛,2018,NC,0
변상권,2018,키움,2700
변진수,2018,두산,6000
보니야,2018,삼성,0
봉민호,2018,SSG,2700
봉중근,2018,LG,0
브리검,2018,키움,65000
사공엽,2018,두산,0
산체스,2018,SSG,85000
샘슨,2018,한화,0
서건창,2018,키움,38000
서균,2018,한화,3000
서동민,2018,SSG,2700
서동욱,2018,KIA,18500
서상우,2018,LG,3500
서의태,2018,키움,2700
서주원,2018,삼성,2700
서진용,2018,SSG,6000
성동현,2018,LG,2700
성시헌,2018,한화,0
성영훈,2018,두산,0
소사,2018,LG,120000
소이현,2018,NC,2700
손동욱,2018,키움,2800
손승락,2018,롯데,70000
손시헌,2018,NC,50000
손아섭,2018,롯데,150000
손영민,2018,KIA,0
손정욱,2018,NC,4600
손주영,2018,LG,3000
손주인,2018,삼성,18000
송광민,2018,한화,24000
송동욱,2018,NC,2700
송민섭,2018,kt,3000
송성문,2018,키움,3500
송승준,2018,롯데,40000
송은범,2018,한화,45000
송주영,2018,두산,0
송주은,2018,롯데,0
송주호,2018,한화,0
송준석,2018,삼성,2700
송찬의,2018,LG,2700
송창식,2018,한화,24000
송창현,2018,롯데,0
송후섭,2018,KIA,2800
스크럭스,2018,NC,0
신동민,2018,SSG,2700
신동훈,2018,SSG,3800
신민철,2018,두산,2700
신민혁,2018,NC,2700
신범수,2018,KIA,2900
신병률,2018,kt,2700
신본기,2018,롯데,9000
신성현,2018,두산,5700
신원재,2018,롯데,0
신재영,2018,키움,14000
신재웅,2018,SSG,11000
신정락,2018,LG,10500
신종길,2018,KIA,0
신진호,2018,NC,2800
신창희,2018,두산,2700
신철언,2018,키움,0
신현수,2018,두산,0
신효승,2018,키움,2700
심규범,2018,NC,0
심동섭,2018,KIA,13000
심수창,2018,한화,20000
심우준,2018,kt,6300
심창민,2018,삼성,23000
아델만,2018,삼성,0
안규현,2018,삼성,0
안도원,2018,삼성,2700
안상현,2018,SSG,2700
안성무,2018,삼성,0
안승민,2018,한화,0
안승한,2018,kt,2700
안영명,2018,한화,35000
안우진,2018,키움,2700
안익훈,2018,LG,9000
안주형,2018,삼성,3100
안준,2018,두산,2700
안준모,2018,키움,0
안중열,2018,롯데,2800
안치영,2018,kt,3000
안치홍,2018,KIA,32000
안현석,2018,키움,0
양경민,2018,한화,0
양구렬,2018,두산,2700
양구열,2018,두산,0
양석환,2018,LG,16000
양성우,2018,한화,10000
양승혁,2018,kt,2700
양원혁,2018,LG,2900
양의지,2018,두산,60000
양종민,2018,두산,2900
양지율,2018,키움,2700
양창섭,2018,삼성,2700
양현,2018,키움,3000
양현종,2018,KIA,230000
양형진,2018,롯데,0
엄상백,2018,kt,7600
엄태용,2018,한화,0
여건욱,2018,LG,4000
여인태,2018,한화,0
염진우,2018,한화,0
예진원,2018,키움,2700
오상엽,2018,KIA,0
오석주,2018,LG,2700
오선진,2018,한화,8600
오세민,2018,LG,0
오영수,2018,NC,2700
오윤석,2018,롯데,3100
오윤성,2018,키움,2900
오재원,2018,두산,55000
오재일,2018,두산,30000
오정복,2018,kt,0
오정환,2018,KIA,2700
오주원,2018,키움,15000
오준혁,2018,KIA,4000
오지환,2018,LG,29000
오태곤,2018,kt,8300
오현택,2018,롯데,6000
오흥진,2018,한화,0
왕웨이중,2018,NC,0
우규민,2018,삼성,70000
원종현,2018,NC,18500
원혁재,2018,한화,2800
윌슨,2018,LG,80000
유강남,2018,LG,18500
유민상,2018,KIA,4500
유승철,2018,KIA,2800
유영준,2018,NC,2700
유원상,2018,NC,6000
유원석,2018,LG,2700
유재신,2018,KIA,6500
유재유,2018,두산,3200
유한준,2018,kt,60000
유호식,2018,SSG,2700
유희관,2018,두산,50000
윤강민,2018,NC,2700
윤강찬,2018,kt,2700
윤규진,2018,한화,21000
윤근영,2018,kt,4200
윤길현,2018,롯데,50000
윤대영,2018,LG,2900
윤병호,2018,NC,0
윤석민,2018,KIA,125000
윤석민,2018,kt,31000
윤성빈,2018,롯데,2700
윤성환,2018,삼성,80000
윤수강,2018,NC,2700
윤수호,2018,NC,4700
윤영삼,2018,키움,4500
윤정빈,2018,삼성,2700
윤정우,2018,SSG,3000
윤중현,2018,KIA,2700
윤지웅,2018,LG,5800
윤진호,2018,LG,4200
윤호솔,2018,한화,2700
윤희상,2018,SSG,13000
윤희영,2018,KIA,0
이강욱,2018,LG,2700
이국필,2018,NC,0
이나현,2018,LG,0
이대형,2018,kt,20000
이대호,2018,롯데,250000
이도윤,2018,롯데,0
이도윤,2018,한화,2700
이도현,2018,NC,2700
이동걸,2018,한화,0
이동근,2018,SSG,0
이동원,2018,두산,2700
이동현,2018,LG,60000
이명기,2018,KIA,25000
이명우,2018,롯데,0
이민우,2018,KIA,3500
이민호,2018,NC,18800
이범정,2018,kt,2700
이범준,2018,NC,0
이범호,2018,KIA,65000
이병규,2018,롯데,9000
이병규,2018,키움,2700
이병휘,2018,두산,2700
이보근,2018,키움,14000
이상규,2018,LG,2700
이상민,2018,키움,4200
이상호,2018,NC,7500
이상화,2018,kt,10000
이성곤,2018,삼성,3000
이성복,2018,kt,0
이성열,2018,한화,25000
이성우,2018,SSG,9000
이성원,2018,한화,2700
이수민,2018,삼성,2800
이승관,2018,한화,2700
이승민,2018,두산,2700
이승원,2018,키움,3000
이승진,2018,SSG,2700
이승헌,2018,롯데,2700
이승헌,2018,NC,2700
이승현,2018,삼성,7000
이승호,2018,키움,2700
이시원,2018,한화,3300
이영욱,2018,KIA,0
이영준,2018,키움,2900
이영하,2018,두산,4200
이용규,2018,한화,40000
이용찬,2018,두산,23500
이우석,2018,NC,2800
이우성,2018,두산,2800
이우찬,2018,LG,3000
이원빈,2018,KIA,2700
이원석,2018,삼성,30000
이원석,2018,한화,2700
이원재,2018,두산,0
이원재,2018,NC,2700
이원준,2018,SSG,2700
이윤학,2018,KIA,0
이은형,2018,삼성,0
이인복,2018,롯데,3100
이인행,2018,KIA,3200
이인혁,2018,NC,2700
이재관,2018,SSG,2700
이재록,2018,SSG,2700
이재승,2018,키움,2700
이재영,2018,키움,0
이재용,2018,NC,2700
이재욱,2018,롯데,0
이재원,2018,SSG,35000
이재원,2018,LG,2700
이재율,2018,NC,3200
이재익,2018,삼성,2700
이재학,2018,NC,19000
이정담,2018,두산,0
이정민,2018,롯데,0
이정범,2018,SSG,2700
이정현,2018,kt,2700
이정후,2018,키움,11000
이종석,2018,KIA,3000
이종욱,2018,NC,0
이종혁,2018,kt,3200
이주형,2018,한화,0
이준수,2018,kt,3000
이준평,2018,NC,0
이준호,2018,KIA,0
이지모,2018,두산,0
이지영,2018,삼성,21000
이지우,2018,NC,0
이지찬,2018,kt,0
이진경,2018,KIA,2900
이찬건,2018,롯데,2700
이찬석,2018,키움,2700
이찬혁,2018,LG,2700
이창열,2018,한화,3200
이창엽,2018,kt,0
이창율,2018,LG,0
이창진,2018,kt,3100
이채호,2018,SSG,2700
이천웅,2018,LG,8000
이충호,2018,한화,3000
이케빈,2018,SSG,0
이태양,2018,한화,7300
이태훈,2018,삼성,2700
이택근,2018,키움,50000
이해창,2018,kt,7100
이현동,2018,삼성,3000
이현승,2018,두산,40000
이현호,2018,두산,5200
이형범,2018,NC,3500
이형종,2018,LG,10500
이호신,2018,KIA,0
이호연,2018,롯데,2700
이호중,2018,NC,2700
이효준,2018,NC,0
이훈,2018,NC,0
이희재,2018,SSG,2700
임규빈,2018,키움,2700
임기영,2018,KIA,13000
임기준,2018,KIA,6000
임도혁,2018,kt,2700
임병욱,2018,키움,5000
임석진,2018,SSG,2700
임익준,2018,한화,0
임정우,2018,LG,14000
임준혁,2018,SSG,0
임지섭,2018,LG,3700
임지유,2018,롯데,0
임지훈,2018,한화,0
임진우,2018,두산,0
임찬규,2018,LG,11500
임창민,2018,NC,25000
임현준,2018,삼성,3500
임훈,2018,LG,7000
장두성,2018,롯데,2700
장민석,2018,한화,0
장민익,2018,SSG,0
장민재,2018,한화,7100
장성우,2018,kt,7300
장승현,2018,두산,2800
장시윤,2018,LG,3600
장시환,2018,롯데,8500
장영석,2018,키움,6000
장원삼,2018,삼성,20000
장원준,2018,두산,100000
장준원,2018,LG,3400
장지훈,2018,삼성,2800
장진혁,2018,한화,2800
장필준,2018,키움,14000
장현식,2018,키움,10200
전경원,2018,SSG,2700
전민수,2018,kt,5100
전민재,2018,두산,2700
전병우,2018,롯데,2700
전유수,2018,SSG,8500
전은석,2018,KIA,0
전인환,2018,LG,0
전준우,2018,롯데,27000
전준호,2018,LG,2700
전호영,2018,LG,0
정경운,2018,한화,0
정근우,2018,한화,70000
정기훈,2018,한화,2700
정덕현,2018,두산,0
정동욱,2018,키움,2700
정동윤,2018,SSG,2700
정두산,2018,삼성,0
정문근,2018,한화,2700
정범모,2018,NC,5500
정병곤,2018,삼성,4500
정보근,2018,롯데,2700
정상호,2018,LG,50000
정성곤,2018,kt,4700
정성종,2018,롯데,2700
정성훈,2018,KIA,0
정수민,2018,NC,4200
정영광,2018,SSG,0
정영일,2018,SSG,3000
정용운,2018,KIA,7500
정우람,2018,한화,120000
정우석,2018,두산,2700
정윤환,2018,KIA,0
정은원,2018,한화,2700
정의윤,2018,SSG,30000
정인욱,2018,삼성,5700
정재원,2018,한화,4000
정주현,2018,LG,5000
정주후,2018,kt,3000
정준혁,2018,롯데,0
정진기,2018,SSG,6200
정진호,2018,두산,8500
정찬헌,2018,LG,9500
정철원,2018,두산,2700
정태승,2018,롯데,2700
정혁진,2018,SSG,0
정현,2018,kt,7800
정훈,2018,롯데,10000
조근종,2018,kt,2900
조대현,2018,kt,2700
조동찬,2018,삼성,0
조무근,2018,롯데,5700
조무성,2018,NC,0
조병규,2018,키움,0
조상우,2018,키움,12000
조선명,2018,LG,2700
조성운,2018,키움,2700
조성훈,2018,SSG,2700
조수행,2018,두산,4500
조용호,2018,SSG,6200
조원빈,2018,NC,0
조윤준,2018,LG,0
조재건,2018,키움,0
조정원,2018,한화,0
조정훈,2018,롯데,0
조지훈,2018,한화,2800
조평호,2018,NC,0
조학진,2018,LG,0
조홍석,2018,롯데,2800
주권,2018,kt,7600
주효상,2018,키움,3500
지석훈,2018,NC,15000
지시완,2018,한화,2800
진명호,2018,롯데,3300
진재혁,2018,LG,2700
진해수,2018,LG,19000
차명진,2018,KIA,2800
차우찬,2018,LG,100000
차재용,2018,롯데,2800
채기영,2018,한화,0
채병용,2018,SSG,30000
채상준,2018,삼성,2700
채은성,2018,LG,11000
채태인,2018,롯데,20000
천재환,2018,NC,2700
초이스,2018,키움,0
최건,2018,kt,2700
최경태,2018,SSG,2700
최규보,2018,키움,2700
최금강,2018,NC,12500
최대성,2018,두산,3500
최동현,2018,두산,2700
최동환,2018,LG,6500
최민재,2018,SSG,2800
최민준,2018,SSG,2700
최민창,2018,LG,3000
최병연,2018,KIA,0
최병욱,2018,두산,0
최보성,2018,NC,2700
최상인,2018,NC,2700
최성영,2018,NC,2900
최성훈,2018,LG,6000
최수빈,2018,SSG,2700
최승주,2018,KIA,2800
최승준,2018,SSG,5600
최승훈,2018,롯데,0
최영진,2018,삼성,3300
최영환,2018,롯데,3700
최우혁,2018,LG,2700
최원제,2018,삼성,0
최원준,2018,KIA,7500
최원태,2018,키움,15000
최윤석,2018,한화,4800
최재훈,2018,한화,8000
최정,2018,SSG,120000
최정민,2018,KIA,5500
최종현,2018,삼성,0
최주환,2018,두산,20000
최준우,2018,SSG,2700
최지광,2018,삼성,3100
최진행,2018,한화,19000
최진호,2018,SSG,2700
최채흥,2018,삼성,2700
최충연,2018,삼성,4500
최하늘,2018,롯데,2700
최항,2018,SSG,4200
최현준,2018,LG,2700
최형우,2018,KIA,150000
추재현,2018,키움,2700
파레디스,2018,두산,0
팻딘,2018,KIA,0
피어밴드,2018,kt,0
하성진,2018,SSG,2700
하영민,2018,키움,5500
하주석,2018,한화,12000
하준영,2018,KIA,2700
하준호,2018,kt,5700
한기원,2018,kt,2700
한기주,2018,삼성,6000
한동희,2018,롯데,2700
한두솔,2018,kt,2700
한석현,2018,LG,2700
한승택,2018,KIA,7500
한승혁,2018,KIA,6500
한승훈,2018,kt,2700
한유섬,2018,SSG,15000
한주성,2018,두산,2700
한준수,2018,KIA,2700
한현희,2018,키움,23000
함덕주,2018,두산,16000
해커,2018,키움,0
허경민,2018,두산,26500
허도환,2018,SSG,6800
허웅,2018,SSG,2700
허일,2018,롯데,2700
허정협,2018,키움,4500
헤일,2018,한화,0
헥터,2018,KIA,0
현도훈,2018,두산,2700
호잉,2018,한화,40000
홍건희,2018,KIA,8000
홍상삼,2018,두산,9000
홍성갑,2018,한화,0
홍성무,2018,kt,3000
홍성용,2018,kt,0
홍성호,2018,두산,2700
홍유상,2018,한화,0
홍재호,2018,KIA,3500
홍정우,2018,삼성,2900
홍지운,2018,NC,0
홍지훈,2018,롯데,2700
홍현빈,2018,kt,2900
황경태,2018,두산,2800
황선도,2018,삼성,2800
황수범,2018,삼성,0
황영국,2018,한화,2700
황윤호,2018,KIA,3100
황인준,2018,KIA,2800
황재균,2018,kt,120000
황진수,2018,롯데,6200
후랭코프,2018,두산,70000
휠러,2018,한화,0
강동권,2019,SSG,0
강민성,2019,롯데,2700
강민성,2019,kt,2700
강승호,2019,SSG,9600
강정현,2019,LG,2700
고명성,2019,kt,2800
고효준,2019,롯데,9000
김기연,2019,LG,2800
김기환,2019,삼성,2700
김도현,2019,두산,3000
김민기,2019,한화,2700
김민수,2019,KIA,2700
김민수,2019,롯데,2700
김민혁,2019,두산,3400
김사훈,2019,롯데,3900
김상현,2019,키움,0
김석환,2019,KIA,2900
김성훈,2019,한화,3600
김성훈,2019,kt,2700
김승현,2019,삼성,5500
김연준,2019,삼성,2700
김영준,2019,LG,3700
김용주,2019,kt,3100
김인범,2019,키움,2700
김인환,2019,한화,3000
김재영,2019,한화,7100
김재율,2019,LG,4800
김종덕,2019,키움,2700
김종덕,2019,키움,2700
김주형,2019,KIA,4500
김준연,2019,키움,2400
김준우,2019,삼성,2700
김지수,2019,키움,5000
김진곤,2019,kt,3300
김진형,2019,NC,2700
김창용,2019,KIA,2700
김창혁,2019,한화,3000
김태연,2019,한화,3200
김태오,2019,kt,3300
김태우,2019,삼성,2700
김태형,2019,LG,2900
김현우,2019,한화,2700
나경민,2019,롯데,5500
나용기,2019,KIA,2700
남호,2019,LG,2700
노병훈,2019,NC,0
다익손,2019,롯데,60000
러프,2019,삼성,170000
레일리,2019,롯데,117000
류승현,2019,KIA,3600
류제국,2019,LG,10000
린드블럼,2019,두산,170000
맥과이어,2019,삼성,95000
문규현,2019,롯데,18000
문보경,2019,LG,2700
문용익,2019,삼성,2800
문재현,2019,한화,2700
민태호,2019,NC,3600
박경태,2019,KIA,3500
박근홍,2019,롯데,5000
박성민,2019,키움,0
박수용,2019,KIA,2700
박수현,2019,NC,2700
박시윤,2019,kt,2700
박영완,2019,롯데,2700
박용욱,2019,롯데,2700
박유연,2019,두산,2800
박정권,2019,SSG,40000
박정배,2019,두산,14000
박정진,2019,한화,0
박주현,2019,kt,2700
박준영,2019,SSG,2700
박준혁,2019,한화,3000
박준호,2019,kt,2700
박지훈,2019,KIA,3500
박진,2019,롯데,2700
박한이,2019,삼성,25000
박헌욱,2019,NC,3000
배영섭,2019,삼성,12000
배영수,2019,롯데,10000
배우열,2019,kt,4000
버틀러,2019,NC,80000
베탄코트,2019,NC,50000
샌즈,2019,키움,50000
서동욱,2019,KIA,11100
서상우,2019,LG,5300
서상준,2019,SSG,2700
서의태,2019,키움,2700
서장민,2019,삼성,2700
서주원,2019,삼성,2700
성동현,2019,LG,2800
손동욱,2019,키움,2800
손승락,2019,KIA,70000
손시헌,2019,NC,50000
손주인,2019,삼성,15000
송성문,2019,키움,7500
송창현,2019,롯데,0
스몰린스키,2019,NC,25000
신범수,2019,KIA,3200
신병률,2019,kt,3100
신제왕,2019,KIA,2700
신진호,2019,NC,2800
심수창,2019,LG,5000
아수아헤,2019,롯데,55100
안중열,2019,롯데,5100
양상문,2019,롯데,30000
양원혁,2019,LG,3200
엄상백,2019,kt,8000
예진원,2019,키움,2700
오상민,2019,삼성,2700
오영욱,2019,롯데,2700
오윤석,2019,롯데,2700
오정환,2019,KIA,2700
윌랜드,2019,KIA,70000
윌리엄슨,2019,삼성,22500
윌슨,2019,롯데,40000
유근상,2019,KIA,2800
유승철,2019,KIA,6000
유재유,2019,두산,3200
윤근영,2019,kt,3700
윤길현,2019,롯데,50000
윤산흠,2019,두산,2700
윤석민,2019,KIA,20000
윤수호,2019,두산,5000
윤승열,2019,한화,3100
윤지웅,2019,NC,5800
윤진호,2019,LG,6000
윤해진,2019,KIA,3900
윤형준,2019,LG,3300
이강욱,2019,LG,2700
이교훈,2019,두산,2700
이대형,2019,kt,20000
이동근,2019,SSG,0
이동현,2019,LG,10000
이민혁,2019,두산,2700
이민호,2019,NC,18800
이범호,2019,KIA,65000
이병헌,2019,삼성,2700
이상민,2019,삼성,3700
이원석,2019,한화,2700
이인행,2019,KIA,3300
이재욱,2019,롯데,0
이지강,2019,LG,2700
이찬건,2019,롯데,2700
이찬석,2019,키움,2700
이창열,2019,한화,2900
이청현,2019,한화,0
이충호,2019,한화,2900
이태규,2019,KIA,2700
이태훈,2019,삼성,2700
이해승,2019,삼성,2700
이호현,2019,KIA,2700
임석진,2019,SSG,2700
임준형,2019,LG,2700
임지섭,2019,LG,3500
장시윤,2019,LG,3800
장지수,2019,KIA,2700
전민재,2019,두산,2800
전준호,2019,LG,2700
전진우,2019,SSG,2700
정광운,2019,삼성,2800
정병곤,2019,삼성,4000
정성종,2019,롯데,3700
정이황,2019,한화,2700
정준혁,2019,롯데,0
정혁진,2019,SSG,0
조무근,2019,롯데,3500
조성훈,2019,SSG,2700
조셉,2019,LG,70000
조현수,2019,롯데,2700
조홍석,2019,롯데,3600
채상준,2019,삼성,2700
최경모,2019,SSG,2700
최대성,2019,두산,3500
최윤석,2019,한화,4200
최재익,2019,NC,2700
최지원,2019,두산,2700
최현준,2019,LG,2700
터너,2019,KIA,70000
톰슨,2019,롯데,76000
페게로,2019,LG,15000
프리드릭,2019,NC,15000
하영민,2019,키움,4500
한기주,2019,삼성,7500
한승혁,2019,KIA,8500
허관회,2019,한화,2700
허민혁,2019,SSG,2700
허준혁,2019,두산,8500
헤일리,2019,삼성,90000
홍성무,2019,NC,3000
홍재호,2019,KIA,4000
황경태,2019,두산,3100
황선도,2019,삼성,2700
황진수,2019,롯데,4000
후랭코프,2019,두산,110000
가뇽,2020,KIA,65000
가뇽,2020,KIA,0
강경학,2020,한화,7800
강동연,2020,NC,3400
강동호,2020,롯데,5100
강로한,2020,롯데,5300
강민,2020,LG,2700
강민국,2020,kt,4000
강민수,2020,KIA,0
강민호,2020,삼성,125000
강백호,2020,kt,21000
강윤구,2020,NC,15500
강지광,2020,SSG,4800
강진성,2020,NC,3800
강태경,2020,NC,2700
강현우,2020,kt,2700
고성민,2020,kt,2700
고영찬,2020,kt,2700
고영창,2020,KIA,5800
고우석,2020,LG,22000
고장혁,2020,KIA,0
고종욱,2020,SSG,17000
공민규,2020,삼성,4000
구본혁,2020,LG,4000
구승민,2020,롯데,8000
구자욱,2020,삼성,28000
구장익,2020,두산,0
구준범,2020,삼성,2800
구창모,2020,NC,18000
국해성,2020,두산,4500
권기영,2020,두산,0
권민석,2020,두산,2700
권오준,2020,삼성,15000
권혁,2020,두산,20000
권희동,2020,NC,13500
금민철,2020,kt,15000
길지석,2020,SSG,2700
김강률,2020,두산,15000
김강민,2020,SSG,35000
김건국,2020,롯데,5400
김건우,2020,롯데,0
김건태,2020,NC,9000
김경민,2020,삼성,2700
김경민,2020,kt,0
김경태,2020,한화,3700
김경호,2020,두산,2900
김관호,2020,한화,0
김광명,2020,한화,0
김규민,2020,키움,5800
김규성,2020,KIA,2900
김기훈,2020,KIA,3500
김남길,2020,롯데,0
김단우,2020,LG,12000
김대륙,2020,롯데,0
김대우,2020,삼성,11500
김대우,2020,롯데,2900
김대유,2020,LG,4500
김대한,2020,두산,2800
김도환,2020,삼성,5000
김도환,2020,LG,0
김동규,2020,롯데,2700
김동엽,2020,삼성,13500
김동한,2020,롯데,5000
김명찬,2020,KIA,3500
김문호,2020,한화,8000
김민규,2020,두산,2900
김민기,2020,롯데,0
김민석,2020,한화,0
김민섭,2020,kt,0
김민성,2020,LG,40000
김민수,2020,KIA,2700
김민수,2020,삼성,4300
김민수,2020,롯데,3000
김민수,2020,kt,6500
김민식,2020,KIA,8800
김민우,2020,한화,4200
김민준,2020,SSG,0
김민하,2020,한화,4500
김민혁,2020,kt,9000
김범수,2020,한화,6500
김범준,2020,한화,0
김병휘,2020,키움,2700
김병희,2020,kt,3000
김사윤,2020,SSG,2700
김상수,2020,삼성,25000
김상수,2020,키움,30000
김상호,2020,롯데,0
김선기,2020,키움,4200
김선빈,2020,KIA,45000
김성균,2020,kt,2700
김성민,2020,두산,2700
김성민,2020,SSG,2700
김성민,2020,SSG,2700
김성민,2020,키움,9700
김성진,2020,LG,2700
김성한,2020,삼성,0
김성현,2020,SSG,21000
김성훈,2020,kt,7000
김세현,2020,SSG,12000
김수환,2020,키움,2700
김승범,2020,KIA,2700
김승회,2020,두산,10000
김시현,2020,삼성,3300
김신회,2020,키움,2700
김양수,2020,KIA,2700
김영규,2020,NC,6300
김영환,2020,kt,3300
김용의,2020,LG,10500
김용하,2020,삼성,2800
김웅빈,2020,키움,3700
김원중,2020,롯데,10000
김유영,2020,롯데,6200
김윤동,2020,KIA,13000
김윤수,2020,삼성,3700
김윤식,2020,LG,2700
김은성,2020,키움,2900
김응민,2020,삼성,3200
김이환,2020,한화,3700
김인태,2020,두산,5000
김재균,2020,NC,2900
김재성,2020,LG,3100
김재웅,2020,키움,2700
김재유,2020,롯데,2900
김재윤,2020,kt,12000
김재현,2020,삼성,5500
김재현,2020,SSG,5600
김재호,2020,두산,65000
김재환,2020,두산,65000
김정우,2020,SSG,3000
김정후,2020,키움,3500
김종민,2020,NC,5300
김종수,2020,한화,3800
김주찬,2020,두산,40000
김주현,2020,롯데,3000
김주형,2020,키움,2700
김준연,2020,키움,2400
김준완,2020,NC,8000
김준태,2020,롯데,3800
김준현,2020,NC,0
김지용,2020,LG,11000
김지찬,2020,삼성,2700
김진성,2020,NC,16000
김진영,2020,한화,3200
김진욱,2020,한화,2900
김진호,2020,NC,2700
김찬형,2020,NC,5800
김찬호,2020,SSG,2900
김창평,2020,SSG,3000
김창혁,2020,한화,3000
김태경,2020,NC,2700
김태군,2020,NC,20000
김태균,2020,한화,100000
김태근,2020,두산,2800
김태우,2020,LG,0
김태진,2020,NC,9000
김태현,2020,NC,2700
김태형,2020,LG,0
김태훈,2020,SSG,24000
김태훈,2020,키움,8000
김태훈,2020,kt,2900
김택형,2020,SSG,3700
김하성,2020,키움,32000
김한별,2020,NC,2700
김헌곤,2020,삼성,19000
김현,2020,롯데,2700
김현수,2020,KIA,3000
김현수,2020,LG,130000
김현우,2020,한화,2700
김현제,2020,한화,0
김현종,2020,롯데,0
김현준,2020,KIA,2900
김혜성,2020,키움,10000
김호령,2020,KIA,8500
김호은,2020,LG,2700
김호재,2020,삼성,4000
김호준,2020,두산,2700
김회성,2020,한화,6500
나경민,2020,롯데,5500
나성범,2020,NC,50000
나종덕,2020,롯데,4300
나주환,2020,KIA,12000
나지완,2020,KIA,60000
남재현,2020,KIA,3100
남지민,2020,한화,2700
남태혁,2020,SSG,3000
노건우,2020,삼성,4000
노경은,2020,롯데,20000
노상혁,2020,NC,2700
노수광,2020,SSG,21000
노시환,2020,한화,3300
노시훈,2020,NC,2700
노진혁,2020,NC,14000
노학준,2020,NC,0
데스파이네,2020,kt,45000
라모스,2020,LG,30000
라이블리,2020,삼성,50000
라이트,2020,NC,0
러셀,2020,키움,0
로맥,2020,SSG,90000
로하스,2020,kt,100000
롱,2020,롯데,0
루친스키,2020,NC,100000
류원석,2020,LG,3000
류지혁,2020,두산,10500
류형우,2020,LG,2700
류효승,2020,SSG,2700
류희운,2020,kt,3500
마차도,2020,롯데,30000
맹성주,2020,삼성,0
모창민,2020,NC,30000
모터,2020,키움,0
문경찬,2020,KIA,11500
문광은,2020,LG,6000
문동욱,2020,한화,3200
문상인,2020,kt,2800
문상준,2020,kt,2700
문상철,2020,kt,4000
문석종,2020,NC,0
문선재,2020,KIA,4500
문성현,2020,키움,4200
문승원,2020,SSG,25700
문찬종,2020,키움,2700
민경남,2020,KIA,0
민병헌,2020,롯데,125000
박건우,2020,두산,45000
박경수,2020,kt,40000
박계범,2020,삼성,5500
박규민,2020,kt,2700
박대온,2020,NC,3000
박동민,2020,KIA,0
박동원,2020,키움,22500
박명현,2020,롯데,2700
박민,2020,KIA,2700
박민석,2020,kt,2900
박민우,2020,NC,52000
박민호,2020,SSG,10000
박병호,2020,키움,200000
박부성,2020,LG,0
박상언,2020,한화,2800
박상원,2020,한화,9000
박서준,2020,KIA,0
박석민,2020,NC,70000
박성준,2020,LG,0
박성현,2020,kt,0
박세웅,2020,롯데,11000
박세진,2020,kt,3200
박세혁,2020,두산,23200
박승규,2020,삼성,3200
박승욱,2020,kt,8000
박시영,2020,롯데,7900
박시원,2020,NC,2700
박시후,2020,SSG,2700
박신지,2020,두산,3100
박영빈,2020,NC,0
박용민,2020,삼성,0
박용택,2020,LG,80000
박웅,2020,두산,2700
박윤철,2020,한화,3200
박재경,2020,한화,0
박재민,2020,롯데,2700
박재욱,2020,LG,3500
박정수,2020,KIA,3000
박정우,2020,KIA,0
박정음,2020,키움,4300
박종기,2020,두산,2900
박종무,2020,롯데,2700
박종훈,2020,SSG,29000
박주성,2020,키움,2700
박주혁,2020,삼성,2700
박주현,2020,키움,4000
박주홍,2020,한화,3500
박주홍,2020,키움,2700
박준태,2020,키움,4500
박준표,2020,KIA,11000
박준혁,2020,kt,0
박지규,2020,LG,4500
박지한,2020,NC,2700
박지훈,2020,두산,2700
박진두,2020,KIA,0
박진우,2020,NC,16000
박진태,2020,KIA,6000
박진형,2020,롯데,9000
박찬도,2020,삼성,5500
박찬호,2020,KIA,10500
박찬호,2020,LG,0
박치국,2020,두산,8000
박한결,2020,한화,3000
박한길,2020,롯데,0
박해민,2020,삼성,30000
반즈,2020,한화,0
배민서,2020,NC,3000
배성근,2020,롯데,3200
배장호,2020,kt,8000
배재준,2020,LG,5700
배정대,2020,kt,4800
배제성,2020,kt,11000
배창현,2020,두산,0
백남원,2020,LG,0
백동훈,2020,두산,3600
백민규,2020,두산,2700
백승민,2020,삼성,4500
백승현,2020,LG,3400
백어진,2020,롯데,3000
백용환,2020,KIA,4000
백정현,2020,삼성,28000
백진우,2020,kt,6000
백청훈,2020,LG,3000
백현종,2020,KIA,2700
변시원,2020,KIA,5000
변우혁,2020,한화,3000
뷰캐넌,2020,삼성,60000
브룩스,2020,KIA,47900
브리검,2020,키움,80000
살라디노,2020,삼성,0
샘슨,2020,롯데,0
서건창,2020,키움,35000
서경찬,2020,kt,0
서균,2020,한화,4500
서예일,2020,두산,3200
서장민,2020,삼성,2700
서준원,2020,롯데,4600
서진용,2020,SSG,20000
서호철,2020,NC,3000
설재민,2020,롯데,0
성재헌,2020,LG,0
소이현,2020,NC,2700
소형준,2020,kt,2700
손아섭,2020,롯데,200000
손혁,2020,한화,20000
손호영,2020,LG,2700
송광민,2020,한화,25000
송동욱,2020,NC,0
송명기,2020,NC,2700
송민섭,2020,kt,4700
송승준,2020,롯데,5000
송승환,2020,두산,2800
송우현,2020,키움,2700
송윤준,2020,한화,2700
송은범,2020,LG,27000
송준석,2020,삼성,4000
송창식,2020,한화,20000
송창현,2020,한화,3300
스트레일리,2020,롯데,50000
신동수,2020,삼성,0
신동훈,2020,롯데,4100
신민재,2020,LG,5000
신민철,2020,두산,0
신민혁,2020,NC,2700
신본기,2020,롯데,12500
신성현,2020,두산,4800
신용수,2020,롯데,2900
신용승,2020,kt,0
신재영,2020,키움,7000
신재웅,2020,SSG,11000
신정락,2020,한화,12000
신지후,2020,한화,2700
신진호,2020,NC,2800
신학진,2020,롯데,2700
신효승,2020,키움,0
심우준,2020,kt,13000
안권수,2020,두산,2700
안도원,2020,삼성,0
안승한,2020,kt,3700
안영명,2020,한화,35000
안우진,2020,키움,4800
안인산,2020,NC,2700
안준,2020,두산,0
안치홍,2020,롯데,29000
안현준,2020,kt,3200
알칸타라,2020,두산,45000
알테어,2020,NC,80000
양선률,2020,SSG,2700
양성우,2020,한화,8500
양승철,2020,KIA,3000
양우현,2020,삼성,2700
양의지,2020,NC,200000
양종민,2020,LG,3000
양지율,2020,키움,2700
양찬열,2020,두산,0
양창섭,2020,삼성,5000
양현,2020,키움,9000
양현종,2020,KIA,230000
엄태호,2020,롯데,2700
여건욱,2020,LG,5300
여도건,2020,kt,0
오규석,2020,KIA,2700
오명진,2020,두산,2700
오석주,2020,LG,3000
오선우,2020,KIA,3000
오선진,2020,한화,10500
오승환,2020,삼성,120000
오영수,2020,NC,2900
오원석,2020,SSG,2700
오윤석,2020,롯데,4000
오재원,2020,두산,30000
오재일,2020,두산,47000
오주원,2020,키움,20000
오준혁,2020,SSG,3000
오지환,2020,LG,60000
오태곤,2020,kt,9500
오현택,2020,롯데,6000
요키시,2020,키움,55000
우규민,2020,삼성,70000
원종현,2020,NC,26000
원태인,2020,삼성,8000
윌슨,2020,LG,90000
유강남,2020,LG,23000
유민상,2020,KIA,6000
유서준,2020,SSG,3100
유영준,2020,NC,2700
유영찬,2020,LG,0
유원상,2020,kt,4000
유장혁,2020,한화,3200
유재신,2020,두산,5700
유지성,2020,KIA,0
유한준,2020,kt,50000
유희관,2020,두산,47000
윤강민,2020,SSG,2700
윤강찬,2020,kt,2700
윤규진,2020,한화,20000
윤대경,2020,한화,2800
윤명준,2020,두산,21000
윤산흠,2020,두산,2700
윤석민,2020,SSG,24000
윤성빈,2020,롯데,2800
윤성환,2020,삼성,40000
윤수강,2020,NC,3200
윤영삼,2020,키움,6000
윤정빈,2020,삼성,2900
윤정현,2020,키움,2700
윤종휘,2020,kt,2700
윤준혁,2020,kt,2700
윤호솔,2020,한화,2900
윤희상,2020,SSG,15500
이강준,2020,kt,2700
이강철,2020,kt,3000
이거연,2020,SSG,0
이건욱,2020,SSG,3000
이구름,2020,kt,0
이대은,2020,kt,10000
이대호,2020,롯데,250000
이동원,2020,두산,2700
이명기,2020,NC,24000
이민우,2020,KIA,4300
이민호,2020,LG,2700
이범정,2020,kt,0
이병규,2020,롯데,5000
이보근,2020,kt,20000
이상규,2020,LG,2900
이상동,2020,kt,2900
이상영,2020,LG,3000
이상호,2020,NC,10000
이상화,2020,kt,6800
이선우,2020,kt,2900
이성곤,2020,삼성,3500
이성규,2020,삼성,4300
이성열,2020,한화,50000
이성우,2020,LG,8000
이수민,2020,삼성,2700
이승민,2020,삼성,2700
이승민,2020,두산,2700
이승주,2020,kt,0
이승진,2020,SSG,4700
이승헌,2020,롯데,2700
이승헌,2020,NC,2700
이승현,2020,삼성,10000
이승호,2020,키움,8500
이시원,2020,한화,3300
이영준,2020,키움,5500
이영하,2020,두산,27000
이용규,2020,한화,40000
이용찬,2020,두산,42000
이우성,2020,KIA,4000
이우찬,2020,LG,7500
이원빈,2020,KIA,0
이원석,2020,삼성,30000
이원재,2020,NC,7100
이은총,2020,KIA,3000
이인복,2020,롯데,3000
이인한,2020,KIA,2700
이재관,2020,SSG,0
이재근,2020,kt,0
이재성,2020,SSG,2700
이재승,2020,키움,0
이재원,2020,SSG,130000
이재원,2020,LG,2700
이재학,2020,NC,27500
이정용,2020,LG,2700
이정우,2020,LG,2700
이정현,2020,kt,3300
이정후,2020,키움,39000
이정훈,2020,KIA,3000
이정훈,2020,kt,2700
이종민,2020,키움,2700
이종석,2020,KIA,0
이종준,2020,NC,2700
이종혁,2020,kt,3400
이주엽,2020,두산,2700
이주형,2020,LG,2700
이준수,2020,kt,3100
이준영,2020,KIA,4000
이지영,2020,키움,30000
이진경,2020,KIA,0
이진석,2020,LG,0
이진영,2020,KIA,3400
이찬석,2020,키움,2700
이창재,2020,kt,4200
이창진,2020,KIA,8500
이천웅,2020,LG,28000
이태규,2020,KIA,2700
이태양,2020,한화,14000
이택근,2020,키움,50000
이학주,2020,삼성,9000
이해창,2020,한화,5500
이현동,2020,삼성,2900
이현석,2020,SSG,3000
이현승,2020,두산,40000
이현호,2020,한화,4900
이형범,2020,두산,14200
이형종,2020,LG,20000
이홍구,2020,SSG,9000
이흥련,2020,두산,7000
임규빈,2020,키움,2700
임기영,2020,KIA,7000
임기준,2020,KIA,10000
임대한,2020,삼성,4000
임병욱,2020,키움,8800
임정호,2020,NC,9200
임준섭,2020,한화,8800
임지열,2020,키움,2700
임지한,2020,kt,0
임찬규,2020,LG,13500
임창민,2020,NC,16000
임현준,2020,삼성,11000
임형원,2020,NC,2700
장규빈,2020,두산,2700
장민재,2020,한화,11000
장성우,2020,kt,13500
장승현,2020,두산,3500
장시환,2020,한화,11000
장영석,2020,KIA,7500
장운호,2020,한화,3800
장원삼,2020,롯데,5000
장원준,2020,두산,30000
장재혁,2020,KIA,2700
장준원,2020,LG,3400
장지훈,2020,삼성,3000
장진혁,2020,한화,3800
장필준,2020,삼성,21500
장현식,2020,NC,11000
장현우,2020,kt,0
전경원,2020,SSG,3200
전민수,2020,LG,5000
전병우,2020,키움,2900
전사민,2020,NC,3000
전상현,2020,KIA,7600
전용주,2020,kt,2800
전용훈,2020,두산,0
전유수,2020,kt,10000
전의산,2020,SSG,2700
전준우,2020,롯데,50000
전창민,2020,두산,2700
전태준,2020,두산,0
전형근,2020,두산,0
정구범,2020,NC,2700
정근우,2020,LG,70000
정대현,2020,키움,0
정도웅,2020,롯데,0
정동욱,2020,키움,0
정문근,2020,한화,0
정범모,2020,NC,5500
정보근,2020,롯데,2900
정성곤,2020,kt,7500
정수민,2020,SSG,4200
정수빈,2020,두산,34000
정영일,2020,SSG,11000
정용운,2020,LG,7000
정우람,2020,한화,80000
정우영,2020,LG,8000
정은원,2020,한화,12000
정의윤,2020,SSG,30000
정이황,2020,한화,2700
정인욱,2020,삼성,5000
정주현,2020,LG,12500
정진기,2020,SSG,4600
정진수,2020,삼성,0
정진호,2020,한화,11300
정찬헌,2020,LG,13000
정태승,2020,롯데,2800
정해영,2020,KIA,2700
정현,2020,SSG,3000
정현민,2020,키움,0
정현욱,2020,두산,2700
정훈,2020,롯데,6400
제환유,2020,두산,0
조경원,2020,삼성,2700
조근종,2020,kt,3000
조병욱,2020,kt,2700
조상우,2020,키움,20000
조성운,2020,키움,3000
조영건,2020,키움,2700
조용근,2020,LG,2700
조용호,2020,kt,7000
조이현,2020,SSG,3300
조제영,2020,두산,2700
조지훈,2020,한화,0
조한욱,2020,kt,2800
조현수,2020,롯데,2700
조현우,2020,kt,3000
주권,2020,kt,15000
주효상,2020,키움,4000
지강혁,2020,kt,2700
지석훈,2020,NC,12500
지시완,2020,롯데,5700
지원근,2020,두산,0
진명호,2020,롯데,12500
진재혁,2020,두산,0
진해수,2020,LG,25000
차명진,2020,KIA,3600
차우찬,2020,LG,100000
차재용,2020,키움,2900
차혜성,2020,롯데,0
채드벨,2020,한화,40000
채은성,2020,LG,32000
채지선,2020,두산,2800
채태인,2020,SSG,20000
채현우,2020,SSG,3000
천성호,2020,kt,2700
천원석,2020,LG,0
최건,2020,롯데,2900
최동환,2020,LG,7000
최민재,2020,롯데,2800
최선호,2020,삼성,3800
최성영,2020,NC,9500
최성훈,2020,LG,4700
최세창,2020,두산,2700
최수호,2020,SSG,2700
최승민,2020,NC,3000
최승준,2020,한화,5000
최영진,2020,삼성,8000
최영환,2020,롯데,3400
최용제,2020,두산,2800
최용준,2020,KIA,2700
최원준,2020,KIA,7000
최원준,2020,두산,5900
최원태,2020,키움,37000
최원호,2020,한화,0
최재원,2020,LG,0
최재익,2020,NC,2700
최재훈,2020,한화,20000
최정,2020,SSG,120000
최정민,2020,KIA,3500
최정용,2020,KIA,3600
최정원,2020,NC,2700
최종인,2020,두산,2700
최주환,2020,두산,27000
최준용,2020,롯데,2700
최준혁,2020,한화,0
최지광,2020,삼성,8000
최지원,2020,두산,2700
최지효,2020,kt,0
최지훈,2020,SSG,2700
최진행,2020,한화,20000
최채흥,2020,삼성,7500
최충연,2020,삼성,9000
최태성,2020,kt,2700
최하늘,2020,롯데,2700
최항,2020,SSG,7500
최형우,2020,KIA,150000
추재현,2020,롯데,2700
추종민,2020,두산,0
켈리,2020,LG,90000
쿠에바스,2020,kt,60000
킹엄,2020,SSG,50000
터커,2020,KIA,55000
팔카,2020,삼성,0
페르난데스,2020,두산,40000
플렉센,2020,두산,0
핀토,2020,SSG,0
하영진,2020,LG,2700
하재훈,2020,SSG,15000
하주석,2020,한화,14000
하준수,2020,NC,2700
하준영,2020,KIA,6500
하준호,2020,kt,4500
한건희,2020,NC,2700
한대겸,2020,kt,0
한동희,2020,롯데,4700
한선태,2020,LG,3200
한승주,2020,한화,2700
한승지,2020,kt,2700
한승택,2020,KIA,8000
한승혁,2020,롯데,2700
한연욱,2020,삼성,2700
한유섬,2020,SSG,25000
한재환,2020,NC,2700
한주성,2020,두산,0
한준수,2020,KIA,2900
한지용,2020,kt,2700
한지용,2020,kt,0
한지운,2020,롯데,0
한현희,2020,키움,29000
함덕주,2020,두산,21000
함창건,2020,LG,2700
허경민,2020,두산,48000
허도환,2020,kt,6500
허삼영,2020,롯데,20000
허윤동,2020,삼성,2700
허정협,2020,키움,3500
현원회,2020,SSG,2700
호잉,2020,한화,55000
홍건희,2020,KIA,5300
홍민기,2020,롯데,2700
홍상삼,2020,KIA,4000
홍성무,2020,NC,3000
홍성민,2020,NC,10000
홍원빈,2020,KIA,2700
홍원표,2020,삼성,2700
홍정우,2020,삼성,3000
홍종표,2020,KIA,2700
홍창기,2020,LG,3800
화이트,2020,SSG,0
황대인,2020,KIA,3000
황동재,2020,삼성,2700
황성빈,2020,롯데,2700
황영국,2020,한화,2900
황윤호,2020,KIA,5000
황인준,2020,KIA,3700
황재균,2020,kt,120000
강경학,2021,한화,7800
강동연,2021,NC,3400
강동호,2021,롯데,3500
강로한,2021,롯데,5300
강민,2021,LG,3000
강민국,2021,kt,4000
강민성,2021,kt,3300
강민호,2021,삼성,125000
강백호,2021,kt,21000
강상원,2021,한화,3000
강승호,2021,두산,5000
강원진,2021,두산,3000
강윤구,2021,NC,15500
강재민,2021,한화,2700
강진성,2021,NC,3800
강태경,2021,NC,2700
강태율,2021,롯데,2700
강한울,2021,삼성,12000
강현구,2021,두산,3000
강현우,2021,kt,3000
강효종,2021,LG,3000
고봉재,2021,두산,3300
고영찬,2021,kt,2700
고영창,2021,KIA,5800
고영표,2021,kt,12000
고우석,2021,LG,22000
고효준,2021,LG,10000
곽빈,2021,두산,3500
구본혁,2021,LG,4000
구승민,2021,롯데,8000
구자욱,2021,삼성,28000
구준범,2021,삼성,2800
구창모,2021,NC,18000
국해성,2021,두산,5000
권동진,2021,kt,3000
권동현,2021,롯데,3000
권민석,2021,두산,2700
권법수,2021,NC,3000
권용우,2021,한화,3000
권정웅,2021,삼성,4000
권혁경,2021,KIA,3000
권휘,2021,두산,2700
권희동,2021,NC,13500
김강률,2021,두산,15000
김강현,2021,롯데,2700
김건,2021,한화,2700
김건국,2021,롯데,6000
김건태,2021,NC,9000
김건형,2021,kt,3000
김결의,2021,삼성,3000
김경민,2021,삼성,3100
김규성,2021,KIA,2900
김규연,2021,한화,3000
김기연,2021,LG,3000
김기중,2021,한화,3000
김기탁,2021,한화,2700
김기환,2021,NC,2700
김대우,2021,삼성,11500
김대우,2021,롯데,2900
김대유,2021,LG,4500
김대한,2021,키움,2700
김대현,2021,LG,3000
김대현,2021,kt,2700
김도경,2021,두산,3000
김도규,2021,롯데,3000
김도윤,2021,두산,3000
김도현,2021,kt,3000
김도환,2021,삼성,5200
김동규,2021,롯데,3000
김동엽,2021,삼성,13500
김동우,2021,롯데,3000
김동욱,2021,키움,2700
김동주,2021,두산,3000
김동진,2021,삼성,3000
김동혁,2021,키움,2700
김만수,2021,kt,3100
김명신,2021,두산,5200
김명찬,2021,KIA,3500
김문수,2021,두산,2700
김민규,2021,두산,5500
김민서,2021,kt,3000
김민성,2021,LG,40000
김민수,2021,삼성,4300
김민수,2021,롯데,3000
김민수,2021,NC,3000
김민수,2021,kt,6500
김민식,2021,KIA,8800
김민우,2021,한화,4200
김민하,2021,한화,4500
김민혁,2021,두산,3400
김민혁,2021,kt,9000
김범수,2021,한화,6500
김범준,2021,NC,3000
김병현,2021,한화,3000
김병휘,2021,키움,3000
김병희,2021,kt,3000
김상수,2021,삼성,25000
김선기,2021,키움,4200
김선빈,2021,KIA,45000
김선우,2021,KIA,3000
김성균,2021,kt,2700
김성민,2021,키움,6000
김성윤,2021,삼성,2900
김성진,2021,키움,3000
김성표,2021,삼성,2800
김성훈,2021,kt,3200
김세민,2021,삼성,3000
김수환,2021,키움,2700
김승일,2021,한화,3000
김시앙,2021,키움,3000
김신회,2021,키움,3000
김양수,2021,KIA,2700
김연준,2021,KIA,3000
김영규,2021,NC,6300
김영중,2021,NC,3000
김영현,2021,kt,3000
김영환,2021,KIA,3300
김용의,2021,LG,10000
김웅빈,2021,키움,3700
김원경,2021,KIA,3000
김원중,2021,롯데,10000
김유민,2021,LG,3000
김유신,2021,KIA,3000
김유영,2021,롯데,6200
김윤동,2021,KIA,10000
김윤수,2021,삼성,3700
김윤식,2021,LG,2700
김은성,2021,키움,3000
김응민,2021,삼성,3200
김이환,2021,한화,3700
김인범,2021,키움,2700
김인태,2021,두산,5000
김재성,2021,LG,3100
김재열,2021,KIA,2700
김재웅,2021,키움,2700
김재유,2021,롯데,2900
김재윤,2021,kt,12000
김재중,2021,NC,3000
김재현,2021,삼성,5500
김재현,2021,키움,7000
김재호,2021,두산,65000
김재환,2021,두산,65000
김정인,2021,키움,3200
김정주,2021,롯데,3000
김정호,2021,NC,3000
김정후,2021,키움,3200
김종성,2021,kt,2700
김종수,2021,한화,3800
김주성,2021,LG,3100
김주완,2021,두산,3000
김주원,2021,NC,3000
김주현,2021,롯데,3000
김주형,2021,키움,2700
김준상,2021,NC,3000
김준완,2021,NC,8000
김준우,2021,삼성,3100
김준태,2021,롯데,3800
김준형,2021,키움,3000
김지수,2021,한화,3100
김지용,2021,LG,11000
김지용,2021,LG,3000
김지찬,2021,삼성,2700
김진성,2021,NC,16000
김진수,2021,LG,3000
김진영,2021,한화,7900
김진우,2021,NC,3000
김진욱,2021,롯데,3000
김진욱,2021,한화,3900
김진호,2021,NC,2700
김창훈,2021,롯데,3000
김철호,2021,NC,3000
김태경,2021,NC,2700
김태군,2021,NC,20000
김태수,2021,삼성,3000
김태욱,2021,한화,3000
김태진,2021,KIA,9000
김태현,2021,NC,2700
김태훈,2021,키움,8000
김태훈,2021,kt,2900
김헌곤,2021,삼성,19000
김현수,2021,KIA,3000
김현수,2021,LG,130000
김현우,2021,키움,3000
김현준,2021,KIA,2900
김현준,2021,삼성,3000
김형욱,2021,LG,3000
김혜성,2021,키움,10000
김호령,2021,KIA,8500
김호은,2021,LG,2700
김호재,2021,삼성,4000
김휘집,2021,키움,3000
나균안,2021,롯데,4300
나성범,2021,NC,50000
나승엽,2021,롯데,3000
나원탁,2021,롯데,3000
나종덕,2021,롯데,4300
나주환,2021,KIA,10000
나지완,2021,KIA,60000
남재현,2021,KIA,3100
남지민,2021,한화,2700
남호,2021,두산,2700
노건우,2021,삼성,4000
노경은,2021,롯데,20000
노수광,2021,한화,21000
노시환,2021,한화,3300
노시훈,2021,NC,2700
노진혁,2021,NC,14000
노태형,2021,한화,3400
다카하시,2021,KIA,60000
데스파이네,2021,kt,45000
도태훈,2021,NC,3200
라모스,2021,LG,60000
라이블리,2021,삼성,50000
로켓,2021,두산,49300
루친스키,2021,NC,100000
류원석,2021,LG,3000
류지혁,2021,KIA,10500
류진욱,2021,NC,2700
류희운,2021,kt,3500
마차도,2021,롯데,50000
멩덴,2021,KIA,42500
모창민,2021,LG,30000
몽고메리,2021,삼성,45000
문경찬,2021,NC,11500
문대원,2021,두산,2700
문동욱,2021,한화,3600
문보경,2021,LG,2700
문상인,2021,kt,2800
문상준,2021,kt,2700
문상철,2021,kt,4000
문선재,2021,KIA,4000
문성주,2021,LG,3100
문성현,2021,키움,4200
문승진,2021,한화,3000
문찬종,2021,키움,3000
미란다,2021,두산,55000
박건우,2021,KIA,3000
박건우,2021,두산,45000
박경수,2021,kt,40000
박계범,2021,두산,5500
박관진,2021,키움,2700
박규민,2021,kt,2700
박대명,2021,KIA,3000
박동원,2021,키움,22500
박동혁,2021,키움,3000
박명현,2021,롯데,3200
박민,2021,KIA,2700
박민석,2021,kt,3000
박민우,2021,NC,52000
박민호,2021,LG,3000
박병호,2021,키움,200000
박상언,2021,한화,2800
박석민,2021,NC,70000
박성모,2021,두산,3000
박성우,2021,키움,2700
박성재,2021,두산,3000
박세웅,2021,삼성,3000
박세웅,2021,롯데,11000
박세혁,2021,두산,23200
박승규,2021,삼성,3200
박승욱,2021,kt,8000
박승주,2021,키움,2700
박시영,2021,kt,7900
박시원,2021,NC,3000
박영완,2021,롯데,3200
박웅,2021,두산,2700
박재민,2021,롯데,3000
박재욱,2021,LG,3500
박정수,2021,NC,3000
박정우,2021,KIA,2800
박정음,2021,키움,4300
박정현,2021,한화,2700
박종기,2021,두산,2900
박종무,2021,롯데,2700
박주성,2021,키움,2700
박주혁,2021,삼성,2700
박주현,2021,키움,4000
박주홍,2021,키움,2700
박준범,2021,한화,3000
박준영,2021,NC,2700
박준태,2021,키움,4500
박준표,2021,KIA,11000
박준형,2021,키움,2700
박준호,2021,kt,3000
박지한,2021,NC,3000
박지훈,2021,두산,3100
박진태,2021,KIA,6000
박찬호,2021,KIA,10500
박치국,2021,두산,8000
박한결,2021,한화,3100
박해민,2021,삼성,30000
배동현,2021,한화,3000
배민서,2021,NC,3100
배성근,2021,롯데,3200
배재준,2021,LG,5700
배정대,2021,kt,4800
배제성,2021,kt,11000
백동훈,2021,두산,3600
백미카엘,2021,KIA,3000
백민규,2021,두산,3000
백선기,2021,kt,2700
백승민,2021,삼성,4700
백승현,2021,LG,3400
백용환,2021,KIA,4000
백정현,2021,삼성,28000
백종수,2021,두산,3000
백현종,2021,KIA,3000
변상권,2021,키움,2700
변시원,2021,KIA,4000
보어,2021,LG,30000
봉민호,2021,삼성,3000
뷰캐넌,2021,삼성,60000
브룩스,2021,KIA,100000
브리검,2021,키움,90000
서건창,2021,키움,35000
서균,2021,한화,3700
서덕원,2021,KIA,2800
서예일,2021,두산,3200
서준원,2021,롯데,4600
소이현,2021,NC,3100
소형준,2021,kt,2700
손성빈,2021,롯데,3000
손아섭,2021,롯데,200000
손정욱,2021,NC,4600
손주영,2021,LG,3300
손호영,2021,LG,2700
송명기,2021,NC,2700
송민섭,2021,kt,4700
송승기,2021,LG,3000
송승준,2021,롯데,5000
송윤준,2021,한화,2700
송은범,2021,LG,27000
송재영,2021,롯데,3000
송준석,2021,삼성,4000
송호정,2021,한화,3000
송후섭,2021,KIA,3000
수베로,2021,한화,0
수아레즈,2021,LG,40000
스미스,2021,키움,50000
스트레일리,2021,롯데,90000
스트레일리,2021,롯데,50000
신민재,2021,LG,5000
신민혁,2021,NC,2700
신범준,2021,kt,3000
신본기,2021,kt,12500
신성현,2021,두산,4800
신용수,2021,롯데,2900
신정락,2021,한화,12000
신준우,2021,키움,2700
신지후,2021,한화,2700
신창희,2021,두산,3000
심동섭,2021,KIA,8000
심우준,2021,kt,13000
심재민,2021,kt,8000
심창민,2021,삼성,28000
안권수,2021,두산,2700
안승한,2021,kt,3700
안영명,2021,kt,35000
안우진,2021,키움,4800
안인산,2021,NC,2700
안재석,2021,두산,3000
안주형,2021,삼성,3300
안진,2021,한화,3000
안찬호,2021,두산,3000
안창호,2021,한화,3000
안치홍,2021,롯데,29000
안현준,2021,kt,3200
알몬테,2021,kt,52500
알테어,2021,NC,110000
양경식,2021,키움,3000
양석환,2021,두산,21000
양승철,2021,KIA,3200
양우현,2021,삼성,3300
양의지,2021,NC,200000
양지율,2021,키움,2700
양창섭,2021,삼성,5000
양현,2021,키움,9000
양현진,2021,두산,3000
엄태호,2021,롯데,3100
오규석,2021,KIA,3000
오동욱,2021,한화,3300
오명진,2021,두산,2700
오석주,2021,LG,3000
오선우,2021,KIA,3000
오선진,2021,한화,10500
오세훈,2021,두산,3000
오승환,2021,삼성,120000
오윤석,2021,롯데,4000
오윤성,2021,키움,3000
오장한,2021,NC,3000
오재원,2021,두산,30000
오재일,2021,삼성,47000
오주원,2021,키움,20000
오지환,2021,LG,60000
오태양,2021,NC,3000
오현석,2021,삼성,3000
오현택,2021,롯데,7500
요키시,2021,키움,55000
우강훈,2021,롯데,3000
우규민,2021,삼성,70000
원종현,2021,NC,26000
원태인,2021,삼성,8000
유강남,2021,LG,23000
유민상,2021,KIA,10500
유원상,2021,kt,8000
유장혁,2021,한화,3200
유준규,2021,kt,3000
유한준,2021,kt,50000
유희관,2021,두산,30000
윤대경,2021,한화,2800
윤명준,2021,두산,21000
윤성빈,2021,롯데,2800
윤세훈,2021,kt,3000
윤수강,2021,NC,3100
윤정현,2021,키움,2700
윤종휘,2021,kt,2700
윤준혁,2021,kt,2700
윤중현,2021,KIA,3000
윤형준,2021,NC,3000
윤호솔,2021,한화,2900
이강준,2021,kt,2700
이교훈,2021,두산,2700
이기용,2021,삼성,3000
이대은,2021,kt,5000
이대호,2021,롯데,250000
이도윤,2021,한화,3000
이도현,2021,NC,3000
이동건,2021,KIA,3100
이동규,2021,LG,2700
이동원,2021,두산,2700
이명기,2021,키움,2700
이명기,2021,NC,24000
이민우,2021,KIA,4300
이민혁,2021,두산,3000
이민호,2021,LG,2700
이믿음,2021,LG,3000
이병규,2021,롯데,5500
이병규,2021,키움,3000
이병준,2021,롯데,3000
이보근,2021,kt,20000
이상규,2021,LG,2900
이상동,2021,kt,3200
이상민,2021,삼성,3200
이상연,2021,두산,3000
이상영,2021,LG,3100
이상호,2021,LG,10000
이선우,2021,kt,3000
이성곤,2021,삼성,3500
이성규,2021,삼성,4300
이성열,2021,한화,40000
이성우,2021,LG,8000
이수민,2021,삼성,2700
이승관,2021,한화,3000
이승민,2021,삼성,2700
이승재,2021,KIA,3000
이승진,2021,두산,4700
이승헌,2021,롯데,2700
이승헌,2021,NC,3000
이승현,2021,삼성,10000
이승현,2021,삼성,3000
이승호,2021,키움,8500
이시원,2021,한화,3300
이영빈,2021,LG,3000
이영재,2021,KIA,3000
이영준,2021,키움,5500
이영하,2021,두산,27000
이용규,2021,키움,40000
이용준,2021,NC,10000
이우성,2021,KIA,4000
이우찬,2021,LG,7500
이원석,2021,삼성,30000
이원재,2021,NC,6600
이의리,2021,KIA,3000
이인복,2021,롯데,3000
이인한,2021,KIA,2700
이재용,2021,NC,3000
이재원,2021,LG,2700
이재율,2021,NC,3100
이재익,2021,삼성,2800
이재학,2021,NC,27500
이재홍,2021,키움,3000
이재희,2021,삼성,3000
이정용,2021,LG,2700
이정우,2021,LG,3000
이정현,2021,kt,3300
이정후,2021,키움,39000
이정훈,2021,KIA,3000
이종민,2021,키움,2700
이종완,2021,한화,3000
이종준,2021,NC,3000
이종혁,2021,kt,3400
이주엽,2021,두산,3100
이주찬,2021,롯데,2700
이주형,2021,LG,3000
이주형,2021,키움,3000
이준기,2021,한화,3000
이준범,2021,KIA,3000
이준영,2021,KIA,4000
이준형,2021,KIA,5000
이지영,2021,키움,30000
이진영,2021,KIA,3400
이찬혁,2021,LG,2700
이창용,2021,삼성,3000
이창재,2021,kt,4200
이창진,2021,KIA,8500
이천웅,2021,LG,28000
이충호,2021,한화,2900
이태훈,2021,삼성,2700
이학주,2021,삼성,9000
이해승,2021,삼성,2700
이해창,2021,한화,5500
이현동,2021,삼성,3000
이현승,2021,두산,40000
이형범,2021,두산,14200
이형종,2021,LG,20000
이호연,2021,롯데,2700
이호중,2021,NC,3000
이홍구,2021,kt,7000
임규빈,2021,키움,4500
임기영,2021,KIA,7000
임대한,2021,삼성,4000
임정우,2021,LG,10500
임정호,2021,NC,9200
임종찬,2021,한화,2700
임준섭,2021,한화,8800
임준형,2021,LG,2700
임지섭,2021,LG,3000
임지열,2021,키움,2700
임찬규,2021,LG,13500
임창민,2021,NC,16000
임태윤,2021,두산,3000
임현준,2021,삼성,10000
임형원,2021,NC,3000
장규빈,2021,두산,3000
장규현,2021,한화,3000
장두성,2021,롯데,3000
장민기,2021,KIA,3000
장민재,2021,한화,11000
장빈,2021,두산,3000
장성우,2021,kt,13500
장승현,2021,두산,3500
장시현,2021,KIA,3000
장시환,2021,한화,11000
장영석,2021,KIA,6000
장운호,2021,한화,3800
장웅정,2021,한화,3300
장원준,2021,두산,30000
장재영,2021,키움,3000
장재혁,2021,KIA,2700
장준원,2021,LG,3400
장지승,2021,한화,3000
장지훈,2021,삼성,4200
장필준,2021,삼성,21500
장현식,2021,KIA,11000
전민수,2021,NC,5000
전병우,2021,키움,2900
전상현,2021,KIA,7600
전유수,2021,kt,10000
전준우,2021,롯데,50000
전진영,2021,kt,2700
정구범,2021,NC,2700
정기훈,2021,한화,3200
정민규,2021,한화,3000
정범모,2021,NC,5500
정보근,2021,롯데,2900
정수빈,2021,두산,34000
정연제,2021,키움,3000
정우람,2021,한화,80000
정우석,2021,두산,3000
정우영,2021,LG,8000
정우준,2021,롯데,3000
정은원,2021,한화,12000
정인욱,2021,한화,3000
정재원,2021,키움,2700
정주원,2021,kt,3000
정주현,2021,LG,12500
정주후,2021,kt,3000
정진호,2021,두산,12000
정찬헌,2021,LG,13000
정해영,2021,KIA,2700
정훈,2021,롯데,6400
조건희,2021,LG,3000
조경원,2021,삼성,3000
조대현,2021,kt,2700
조범준,2021,키움,3000
조병욱,2021,kt,2700
조상우,2021,키움,33000
조성운,2021,키움,4500
조성현,2021,NC,3000
조수행,2021,두산,4500
조영건,2021,키움,2700
조용근,2021,LG,3000
조용호,2021,kt,7000
조은,2021,한화,3000
조제영,2021,두산,3100
조한민,2021,한화,3400
조한욱,2021,kt,3000
조현우,2021,kt,3000
조현진,2021,한화,3000
주권,2021,kt,15000
주한울,2021,삼성,3000
주현상,2021,한화,3300
주효상,2021,키움,4300
지명성,2021,kt,3000
지석훈,2021,NC,10000
지시완,2021,롯데,5700
지윤,2021,두산,3000
진명호,2021,롯데,12500
진해수,2021,LG,25000
차명진,2021,KIA,3300
차우찬,2021,LG,100000
차재용,2021,키움,3000
채은성,2021,LG,32000
채지선,2021,LG,2800
천성호,2021,kt,2700
천재환,2021,NC,3000
최규보,2021,키움,3000
최금강,2021,NC,10000
최동환,2021,LG,7000
최민재,2021,롯데,2800
최민창,2021,LG,3100
최보성,2021,NC,3000
최선호,2021,삼성,3800
최성민,2021,kt,3000
최성훈,2021,LG,4700
최세창,2021,두산,2700
최승민,2021,NC,3000
최승용,2021,두산,3000
최승주,2021,KIA,3000
최영진,2021,삼성,8000
최영환,2021,롯데,3400
최용제,2021,두산,2800
최용준,2021,KIA,2700
최우인,2021,롯데,3000
최우혁,2021,LG,3000
최원준,2021,KIA,13000
최원준,2021,두산,5900
최원태,2021,키움,37000
최이경,2021,한화,2700
최인호,2021,한화,3400
최재훈,2021,한화,20000
최정민,2021,KIA,3500
최정용,2021,KIA,3600
최정원,2021,NC,3300
최종은,2021,롯데,2700
최종인,2021,두산,3000
최준용,2021,롯데,2700
최지광,2021,삼성,12000
최채흥,2021,삼성,16000
최충연,2021,삼성,9000
최태성,2021,kt,2700
최형우,2021,KIA,150000
추재현,2021,롯데,2700
카펜터,2021,한화,30000
켈리,2021,LG,90000
쿠에바스,2021,kt,60000
크레익,2021,키움,37100
킹험,2021,한화,50000
터커,2021,KIA,70000
파슨스,2021,NC,32000
페레즈,2021,한화,30000
페르난데스,2021,두산,40000
프랑코,2021,롯데,24500
프레이타스,2021,키움,55000
피렐라,2021,삼성,50000
하영진,2021,LG,3000
하주석,2021,한화,14000
하준영,2021,KIA,6500
하준호,2021,kt,4500
한동희,2021,롯데,4700
한석현,2021,LG,2700
한선태,2021,LG,3200
한승주,2021,한화,2700
한승지,2021,kt,3000
한승택,2021,KIA,8000
한승혁,2021,롯데,3400
한연욱,2021,삼성,3200
한재승,2021,NC,3000
한재환,2021,NC,3000
한준수,2021,KIA,3100
한차현,2021,kt,3000
한현희,2021,키움,29000
함덕주,2021,LG,21000
함창건,2021,LG,3000
허경민,2021,두산,48000
허관회,2021,한화,2700
허도환,2021,kt,6500
허윤동,2021,삼성,2700
허정협,2021,키움,7000
호잉,2021,kt,80000
홍건희,2021,두산,5300
홍무원,2021,삼성,3000
홍민기,2021,롯데,3100
홍상삼,2021,KIA,4000
홍성민,2021,NC,10000
홍승원,2021,삼성,3000
홍원빈,2021,KIA,3000
홍원표,2021,삼성,3100
홍정우,2021,삼성,3000
홍지훈,2021,롯데,3000
홍창기,2021,LG,3800
홍현빈,2021,kt,2900
황경태,2021,두산,3100
황대인,2021,KIA,3000
황동재,2021,삼성,2700
황영국,2021,한화,2900
황윤호,2021,KIA,4500
황인준,2021,KIA,3400
황재균,2021,kt,120000
힐리,2021,한화,50000
가르시아,2022,LG,18000
강경학,2022,KIA,7000
강도훈,2022,삼성,3000
강동연,2022,NC,4200
강동형,2022,두산,3000
강민국,2022,키움,5000
강민성,2022,롯데,3000
강민호,2022,삼성,60000
강백호,2022,kt,55000
강병우,2022,KIA,3000
강산,2022,두산,3000
강상원,2022,한화,3250
강승호,2022,두산,11500
강원진,2022,두산,3000
강윤구,2022,롯데,7300
강이준,2022,KIA,3000
강인권,2022,NC,0
강재민,2022,한화,15000
강정현,2022,LG,3300
강진성,2022,두산,13000
강태경,2022,NC,3200
강태율,2022,롯데,3300
강한울,2022,삼성,10000
강현구,2022,두산,3000
강효종,2022,LG,3000
경우진,2022,롯데,3000
고명성,2022,kt,3100
고성민,2022,kt,3000
고승민,2022,롯데,3800
고영창,2022,KIA,4200
고영표,2022,kt,30000
고우석,2022,LG,27000
고종욱,2022,KIA,7000
공민규,2022,삼성,4000
곽빈,2022,두산,6500
구본혁,2022,LG,7000
구승민,2022,롯데,18100
구자욱,2022,삼성,250000
구준범,2022,삼성,3200
구창모,2022,NC,19000
권광민,2022,한화,3000
권동진,2022,kt,4200
권민석,2022,두산,3300
권성준,2022,kt,3000
권정웅,2022,삼성,4000
권혁경,2022,KIA,3200
권휘,2022,두산,3700
권희동,2022,NC,11000
김강률,2022,두산,22500
김강현,2022,롯데,3000
김건우,2022,롯데,0
김건태,2022,NC,5300
김건형,2022,kt,3000
김겸재,2022,한화,3000
김규성,2022,KIA,4300
김규연,2022,한화,3000
김기연,2022,LG,3000
김기중,2022,한화,3900
김기탁,2022,한화,3500
김기환,2022,NC,4500
김녹원,2022,NC,3000
김대우,2022,삼성,12000
김대우,2022,롯데,6500
김대유,2022,LG,12500
김대한,2022,두산,2700
김대한,2022,키움,3000
김대현,2022,LG,0
김대현,2022,kt,2700
김도규,2022,롯데,5700
김도영,2022,KIA,3000
김도영,2022,kt,0
김도윤,2022,두산,3100
김도현,2022,KIA,3500
김동엽,2022,삼성,15000
김동우,2022,롯데,3100
김동욱,2022,롯데,3000
김동욱,2022,키움,3100
김동주,2022,두산,0
김동준,2022,두산,3000
김동진,2022,삼성,0
김동혁,2022,키움,6000
김리안,2022,키움,3000
김만수,2022,kt,3100
김명신,2022,두산,10000
김문수,2022,두산,3000
김민기,2022,롯데,0
김민기,2022,한화,3000
김민서,2022,kt,3000
김민성,2022,LG,18000
김민수,2022,KIA,0
김민수,2022,삼성,6200
김민수,2022,롯데,5300
김민수,2022,롯데,3000
김민수,2022,키움,3000
김민수,2022,kt,11500
김민식,2022,KIA,9500
김민우,2022,한화,19100
김민혁,2022,두산,3200
김민혁,2022,kt,9000
김범수,2022,한화,9680
김병준,2022,kt,3000
김병희,2022,kt,4700
김상민,2022,삼성,3000
김상수,2022,삼성,25000
김서준,2022,삼성,3000
김서진,2022,롯데,3000
김석환,2022,KIA,3100
김선기,2022,키움,6300
김선빈,2022,KIA,45000
김선우,2022,KIA,0
김선우,2022,삼성,0
김성균,2022,kt,3000
김성민,2022,두산,3000
김성민,2022,키움,6000
김성우,2022,LG,3000
김성윤,2022,삼성,3800
김성진,2022,키움,5000
김성표,2022,삼성,3800
김성협,2022,LG,3000
김성훈,2022,kt,7000
김세민,2022,삼성,0
김세민,2022,롯데,3000
김수윤,2022,NC,3000
김수환,2022,키움,3400
김승범,2022,KIA,2700
김승준,2022,롯데,3000
김승현,2022,삼성,5500
김시앙,2022,키움,3000
김시완,2022,두산,3000
김시훈,2022,NC,3000
김양수,2022,KIA,0
김영규,2022,NC,9500
김영웅,2022,삼성,3000
김영준,2022,LG,3500
김영현,2022,kt,0
김용완,2022,롯데,3000
김웅빈,2022,키움,7000
김원중,2022,롯데,28000
김유민,2022,LG,3000
김유신,2022,KIA,3700
김유영,2022,롯데,4800
김윤수,2022,삼성,6500
김윤식,2022,LG,7000
김응민,2022,NC,4900
김의준,2022,LG,3000
김인태,2022,두산,14000
김인환,2022,한화,3200
김재균,2022,NC,3000
김재성,2022,삼성,4500
김재열,2022,KIA,3900
김재영,2022,한화,5500
김재웅,2022,키움,10400
김재유,2022,롯데,6000
김재윤,2022,kt,28000
김재혁,2022,삼성,3000
김재현,2022,키움,6500
김재호,2022,두산,50000
김재환,2022,두산,150000
김정인,2022,키움,4000
김정호,2022,NC,3000
김종국,2022,KIA,0
김종수,2022,한화,7900
김주성,2022,LG,3300
김주완,2022,LG,3000
김주원,2022,NC,6000
김주현,2022,롯데,3300
김주형,2022,키움,4500
김준상,2022,NC,3000
김준석,2022,한화,3000
김준완,2022,키움,5000
김준태,2022,kt,6500
김준형,2022,키움,4200
김지용,2022,두산,6000
김지용,2022,LG,3000
김지찬,2022,삼성,11000
김진성,2022,LG,10000
김진우,2022,NC,3000
김진욱,2022,롯데,5100
김진호,2022,NC,3000
김찬민,2022,KIA,3000
김창용,2022,KIA,3000
김창현,2022,키움,0
김창훈,2022,롯데,3100
김태경,2022,NC,3300
김태군,2022,삼성,20000
김태근,2022,두산,3000
김태연,2022,한화,5600
김태오,2022,kt,3400
김태우,2022,삼성,0
김태진,2022,KIA,10000
김태현,2022,NC,3000
김태형,2022,LG,3200
김태훈,2022,키움,19000
김태훈,2022,kt,4100
김한별,2022,NC,3000
김한별,2022,kt,3000
김헌곤,2022,삼성,18000
김현민,2022,한화,3100
김현수,2022,KIA,4000
김현수,2022,LG,150000
김현우,2022,키움,3000
김현준,2022,KIA,3400
김현준,2022,삼성,3300
김형욱,2022,LG,3000
김혜성,2022,키움,32000
김호령,2022,KIA,6000
김호은,2022,LG,4000
김호재,2022,삼성,7000
김휘집,2022,키움,3900
나균안,2022,롯데,5800
나성범,2022,KIA,200000
나승엽,2022,롯데,4000
나용기,2022,KIA,0
나원탁,2022,롯데,3100
나지완,2022,KIA,15000
남지민,2022,한화,3300
남하준,2022,KIA,3300
남호,2022,두산,3500
노건우,2022,삼성,5800
노상혁,2022,NC,3000
노석진,2022,한화,3000
노수광,2022,한화,12840
노시환,2022,한화,12000
노시훈,2022,NC,3000
노운현,2022,키움,3000
노진혁,2022,NC,23000
놀린,2022,KIA,35000
더모디,2022,NC,18000
데스파이네,2022,kt,70000
도태훈,2022,NC,4000
라모스,2022,kt,65000
라미레즈,2022,한화,27500
로니,2022,KIA,30000
루이즈,2022,LG,60000
루친스키,2022,NC,160000
류승현,2022,KIA,4000
류원석,2022,LG,4000
류지혁,2022,KIA,10500
류진욱,2022,NC,7500
류하성,2022,키움,1500
류희운,2022,kt,3300
마티니,2022,NC,44000
문경찬,2022,롯데,9000
문대원,2022,두산,3200
문동주,2022,한화,3000
문보경,2022,LG,6800
문상인,2022,kt,3200
문상준,2022,kt,0
문상철,2022,kt,6600
문성주,2022,LG,4200
문성현,2022,키움,3500
문승진,2022,한화,3000
문용익,2022,삼성,4500
문정빈,2022,LG,3000
미란다,2022,두산,160000
민성우,2022,롯데,3000
민승기,2022,한화,3000
박건우,2022,KIA,3100
박건우,2022,NC,190000
박경수,2022,kt,29000
박계범,2022,두산,14500
박관진,2022,키움,3000
박대온,2022,NC,4000
박동수,2022,NC,3000
박동원,2022,키움,31000
박민,2022,KIA,3500
박민우,2022,NC,41000
박병호,2022,kt,60000
박상언,2022,한화,3200
박상준,2022,KIA,3000
박석민,2022,NC,70000
박선우,2022,롯데,3300
박성재,2022,두산,3100
박성재,2022,NC,3000
박세웅,2022,삼성,3300
박세웅,2022,롯데,26000
박세혁,2022,두산,30000
박소준,2022,두산,4500
박수용,2022,KIA,3000
박수종,2022,키움,2700
박승규,2022,삼성,5700
박승욱,2022,롯데,3000
박승주,2022,키움,3200
박시영,2022,kt,12000
박시윤,2022,kt,0
박신지,2022,두산,3100
박영현,2022,kt,3000
박웅,2022,두산,3300
박유연,2022,두산,0
박윤철,2022,한화,3200
박재욱,2022,LG,3500
박정수,2022,두산,5000
박정우,2022,KIA,3500
박정준,2022,삼성,0
박정현,2022,한화,3500
박정훈,2022,키움,3000
박주성,2022,키움,4000
박주혁,2022,삼성,0
박주현,2022,키움,3200
박주현,2022,kt,2700
박주홍,2022,키움,3200
박준영,2022,한화,3000
박준영,2022,NC,7000
박준태,2022,키움,5000
박준표,2022,KIA,12500
박준형,2022,키움,3000
박진,2022,롯데,3100
박진태,2022,KIA,6000
박찬혁,2022,키움,3000
박찬호,2022,KIA,12000
박치국,2022,두산,14500
박해민,2022,LG,60000
반즈,2022,롯데,46538
배성근,2022,롯데,4200
배재준,2022,LG,5000
배정대,2022,kt,26000
배제성,2022,kt,27000
배현호,2022,키움,2700
백도렬,2022,KIA,3000
백선기,2022,kt,0
백승현,2022,LG,5000
백용환,2022,롯데,4000
백정현,2022,삼성,80000
백진수,2022,키움,3000
변상권,2022,키움,4800
변우혁,2022,한화,3000
뷰캐넌,2022,삼성,110000
브랜든,2022,두산,15000
서건창,2022,LG,26000
서덕원,2022,KIA,3600
서예일,2022,두산,0
서의태,2022,NC,3000
서주원,2022,삼성,0
서준교,2022,NC,3000
서준원,2022,롯데,8400
서호철,2022,NC,3000
성동현,2022,LG,3000
소크라테스,2022,KIA,50000
소형준,2022,kt,20000
손아섭,2022,NC,150000
손정욱,2022,NC,4000
손주영,2022,LG,3800
손진규,2022,KIA,3000
손호영,2022,LG,3500
송명기,2022,NC,13000
송민섭,2022,kt,8100
송성문,2022,키움,7500
송승기,2022,LG,3000
송승환,2022,두산,2700
송윤준,2022,한화,4100
송은범,2022,LG,15000
송재영,2022,롯데,3100
송정인,2022,키움,3000
송준석,2022,삼성,4700
송찬의,2022,LG,3000
송현제,2022,kt,3000
송호정,2022,한화,3100
송후섭,2022,KIA,0
수아레즈,2022,삼성,70000
스탁,2022,두산,40000
스파크맨,2022,롯데,50000
신명승,2022,KIA,3000
신민재,2022,LG,5000
신민철,2022,두산,3000
신민혁,2022,NC,12000
신범수,2022,KIA,3600
신범준,2022,kt,3000
신병률,2022,kt,3100
신본기,2022,kt,11500
신성현,2022,두산,4000
신용수,2022,롯데,4900
신정락,2022,한화,5400
신정환,2022,삼성,3000
신준우,2022,키움,4000
신지후,2022,한화,3100
신창희,2022,두산,0
신학진,2022,롯데,3000
신현수,2022,한화,3000
심우준,2022,kt,26000
심재민,2022,kt,8200
심창민,2022,NC,28000
안광준,2022,kt,3000
안권수,2022,두산,4800
안승한,2022,두산,3700
안영명,2022,kt,8500
안우진,2022,키움,15000
안익훈,2022,LG,5500
안인산,2022,NC,3000
안재석,2022,두산,5800
안주형,2022,삼성,3300
안중열,2022,롯데,6400
안창호,2022,한화,3000
안치영,2022,kt,3000
안치홍,2022,롯데,100000
안현민,2022,kt,3000
안현준,2022,kt,3200
애플러,2022,키움,27500
양경모,2022,한화,3000
양경식,2022,키움,3000
양석환,2022,두산,39000
양승혁,2022,kt,0
양의지,2022,NC,100000
양지율,2022,키움,3200
양진혁,2022,LG,3000
양창섭,2022,삼성,4700
양현,2022,키움,10000
양현종,2022,KIA,100000
양현진,2022,두산,3000
엄상백,2022,kt,8000
엄장윤,2022,롯데,3000
엄태경,2022,LG,3000
예진원,2022,키움,4000
오명진,2022,두산,3100
오상민,2022,삼성,0
오석주,2022,LG,3500
오선우,2022,KIA,3500
오선진,2022,삼성,7000
오성민,2022,키움,2700
오승택,2022,NC,3000
오승환,2022,삼성,160000
오영수,2022,NC,3000
오윤석,2022,kt,9000
오윤성,2022,키움,3000
오장한,2022,NC,3000
오재원,2022,두산,30000
오재일,2022,삼성,60000
오정환,2022,KIA,3100
오지환,2022,LG,60000
오태양,2022,NC,3000
옥준호,2022,KIA,3000
요키시,2022,키움,90000
우규민,2022,삼성,20000
우종휘,2022,kt,3000
원종현,2022,NC,27000
원태인,2022,삼성,30000
원혁재,2022,한화,3000
유강남,2022,LG,27000
유로결,2022,한화,3300
유민,2022,한화,3000
유상빈,2022,한화,3000
유승철,2022,KIA,4000
유재유,2022,두산,3200
유준규,2022,kt,3000
윤강찬,2022,kt,0
윤대경,2022,한화,9730
윤도현,2022,KIA,3000
윤동희,2022,롯데,3000
윤명준,2022,두산,14000
윤민석,2022,KIA,3000
윤산흠,2022,한화,3100
윤석원,2022,키움,3000
윤성빈,2022,롯데,3100
윤수호,2022,두산,4000
윤정빈,2022,삼성,3000
윤정현,2022,키움,4100
윤정훈,2022,삼성,3000
윤준혁,2022,kt,3000
윤중현,2022,KIA,6500
윤태호,2022,두산,3000
윤형준,2022,NC,4000
윤호솔,2022,한화,6350
이강욱,2022,LG,3000
이강준,2022,롯데,3000
이교훈,2022,두산,3300
이기용,2022,삼성,0
이대호,2022,롯데,80000
이도윤,2022,한화,3400
이동규,2022,LG,3000
이명기,2022,키움,3000
이명기,2022,NC,17500
이명종,2022,키움,3000
이민석,2022,두산,3000
이민석,2022,롯데,3000
이민우,2022,KIA,4800
이민호,2022,LG,9800
이민호,2022,NC,10000
이병규,2022,키움,3000
이병헌,2022,삼성,3000
이병헌,2022,두산,3000
이상규,2022,LG,3700
이상민,2022,삼성,5500
이상우,2022,kt,3000
이상혁,2022,한화,3000
이상호,2022,LG,8500
이성곤,2022,한화,6400
이성규,2022,삼성,5000
이성민,2022,한화,3000
이성원,2022,한화,3000
이성주,2022,KIA,3000
이세호,2022,키움,3000
이승관,2022,한화,3100
이승민,2022,삼성,4100
이승재,2022,KIA,3600
이승진,2022,두산,11000
이승헌,2022,롯데,5300
이승현,2022,삼성,10000
이승현,2022,삼성,5500
이승호,2022,키움,8500
이시원,2022,한화,3300
이영빈,2022,LG,5500
이영재,2022,KIA,3000
이영준,2022,키움,6000
이영하,2022,두산,16000
이용규,2022,키움,40000
이용준,2022,NC,3000
이용찬,2022,NC,40000
이우석,2022,NC,3300
이우성,2022,KIA,4100
이우찬,2022,LG,5000
이원석,2022,삼성,30000
이원석,2022,한화,3300
이원재,2022,두산,3000
이의리,2022,KIA,9000
이인복,2022,롯데,8500
이인한,2022,KIA,3000
이인혁,2022,NC,3000
이재민,2022,한화,3000
이재용,2022,NC,3000
이재원,2022,LG,5200
이재익,2022,삼성,3700
이재학,2022,NC,18000
이재현,2022,삼성,3000
이재홍,2022,키움,3000
이재희,2022,삼성,4000
이정용,2022,LG,5000
이정현,2022,kt,3500
이정후,2022,키움,75000
이정훈,2022,KIA,4000
이종민,2022,키움,3000
이종완,2022,한화,3000
이종혁,2022,kt,0
이주헌,2022,LG,3000
이주형,2022,키움,3000
이주형,2022,NC,3000
이준기,2022,한화,3000
이준범,2022,KIA,3000
이준영,2022,KIA,6700
이준혁,2022,NC,3000
이준형,2022,KIA,3500
이지강,2022,LG,3000
이지영,2022,키움,30000
이지훈,2022,LG,3000
이진영,2022,KIA,3600
이찬혁,2022,LG,3100
이창재,2022,kt,6700
이창진,2022,KIA,7000
이천웅,2022,LG,10000
이충호,2022,한화,3200
이태오,2022,롯데,3000
이태훈,2022,삼성,3500
이학주,2022,롯데,7000
이한,2022,NC,3000
이해승,2022,삼성,0
이해창,2022,KIA,6000
이현승,2022,두산,10000
이현우,2022,NC,3000
이형범,2022,두산,8100
이형종,2022,LG,12000
이호연,2022,롯데,3000
임기영,2022,KIA,14000
임대한,2022,삼성,4000
임도혁,2022,kt,2700
임정우,2022,LG,10500
임정호,2022,NC,10500
임종찬,2022,한화,3600
임준섭,2022,한화,4000
임준형,2022,두산,3000
임준형,2022,LG,4000
임지민,2022,NC,3000
임지섭,2022,LG,3000
임지열,2022,키움,3200
임찬규,2022,LG,20000
임창민,2022,두산,12000
임태윤,2022,두산,3000
장규현,2022,한화,3200
장두성,2022,롯데,3500
장민기,2022,KIA,3500
장민재,2022,한화,7600
장빈,2022,두산,0
장성우,2022,kt,50000
장승현,2022,두산,7800
장시환,2022,한화,8700
장운호,2022,한화,5350
장원준,2022,두산,5000
장재영,2022,키움,3100
장재혁,2022,KIA,3000
장재혁,2022,삼성,3000
장준원,2022,LG,3800
장지수,2022,KIA,3200
장지승,2022,한화,3200
장필준,2022,삼성,12000
장현식,2022,KIA,20000
전민수,2022,NC,5000
전민재,2022,두산,3200
전병우,2022,키움,7000
전사민,2022,NC,3000
전상현,2022,KIA,11000
전승우,2022,한화,3000
전용주,2022,kt,0
전유수,2022,kt,8000
전준우,2022,롯데,50000
전준호,2022,LG,3200
전진영,2022,kt,2700
전창민,2022,두산,0
전희범,2022,두산,3000
정구범,2022,NC,3000
정대혁,2022,롯데,3000
정민규,2022,한화,3100
정범모,2022,한화,4700
정보근,2022,롯데,3400
정성곤,2022,kt,7500
정성종,2022,롯데,4100
정수빈,2022,두산,60000
정연제,2022,키움,3000
정우람,2022,한화,80000
정우영,2022,LG,28000
정우준,2022,롯데,3100
정유석,2022,두산,3000
정은원,2022,한화,19080
정이황,2022,한화,3000
정재원,2022,키움,3000
정정우,2022,kt,3000
정주현,2022,LG,8000
정주후,2022,kt,3200
정진기,2022,NC,5500
정찬헌,2022,키움,28000
정철원,2022,두산,0
정해영,2022,KIA,17000
정현,2022,NC,4300
정훈,2022,롯데,55000
조건희,2022,LG,3000
조대현,2022,kt,3000
조무근,2022,롯데,3300
조민석,2022,NC,3000
조민성,2022,삼성,3000
조병욱,2022,kt,3400
조선명,2022,LG,3000
조세진,2022,롯데,3000
조수행,2022,두산,8500
조영건,2022,키움,3400
조용호,2022,kt,24000
조원태,2022,LG,3000
조은,2022,한화,3000
조현우,2022,kt,9500
조현진,2022,한화,3000
조효원,2022,NC,3000
주권,2022,kt,29500
주승빈,2022,키움,3000
주승우,2022,키움,3000
주한울,2022,삼성,3000
주현상,2022,한화,5080
지명성,2022,kt,3200
지시완,2022,롯데,6000
진명호,2022,롯데,6500
진승현,2022,롯데,3000
진해수,2022,LG,30000
차동영,2022,삼성,3000
차우찬,2022,LG,30000
채은성,2022,LG,28000
채지선,2022,LG,4000
천성호,2022,kt,4400
천재환,2022,NC,3000
천현재,2022,두산,3000
최건,2022,롯데,3000
최동환,2022,LG,6000
최동희,2022,kt,3000
최민재,2022,롯데,3200
최민창,2022,LG,3200
최보성,2022,NC,3200
최성민,2022,kt,0
최성훈,2022,LG,10500
최세창,2022,두산,3100
최승민,2022,NC,3300
최승용,2022,두산,3500
최영진,2022,삼성,6500
최영환,2022,롯데,4700
최용제,2022,두산,6500
최용준,2022,KIA,3100
최용하,2022,LG,3000
최우재,2022,NC,3000
최원영,2022,LG,3000
최원준,2022,두산,34000
최원태,2022,키움,31000
최이경,2022,한화,3000
최재훈,2022,한화,100000
최정민,2022,KIA,3600
최정용,2022,KIA,3800
최준용,2022,롯데,10700
최지강,2022,두산,0
최지민,2022,KIA,3000
최충연,2022,삼성,4500
최하늘,2022,삼성,3000
최현준,2022,LG,3000
최현준,2022,한화,3000
최형우,2022,KIA,90000
추재현,2022,롯데,6400
카펜터,2022,한화,35000
켈리,2022,LG,90000
쿠에바스,2022,kt,80000
킹험,2022,한화,70000
터크먼,2022,한화,70000
파노니,2022,KIA,30000
파슨스,2022,NC,44000
페르난데스,2022,두산,60000
푸이그,2022,키움,70000
플럿코,2022,LG,50000
피렐라,2022,삼성,60000
피터스,2022,롯데,60000
하영민,2022,키움,4000
하주석,2022,한화,20090
하준수,2022,NC,3000
하준영,2022,NC,4000
하준호,2022,kt,5000
하혜성,2022,롯데,3000
한건희,2022,NC,3000
한기원,2022,kt,2700
한동희,2022,롯데,17200
한석현,2022,LG,3900
한승연,2022,KIA,3000
한승주,2022,한화,3000
한승택,2022,KIA,8500
한승혁,2022,KIA,5300
한재승,2022,NC,3000
한지웅,2022,kt,3000
한차현,2022,kt,3100
한태양,2022,롯데,3000
한현희,2022,키움,25000
함덕주,2022,LG,12000
허경민,2022,두산,120000
허관회,2022,한화,3370
허도환,2022,LG,10000
허윤동,2022,삼성,4700
허인서,2022,한화,3000
허준혁,2022,LG,3000
현도훈,2022,두산,3200
홍건희,2022,두산,25000
홍무원,2022,삼성,3000
홍상삼,2022,KIA,10000
홍성민,2022,NC,12500
홍성호,2022,두산,3000
홍승원,2022,삼성,0
홍정우,2022,삼성,5300
홍창기,2022,LG,32000
홍현빈,2022,kt,4000
황경태,2022,두산,0
황대인,2022,KIA,6500
황동재,2022,삼성,3100
황동하,2022,KIA,3000
황성빈,2022,롯데,0
황영국,2022,한화,3400
황재균,2022,kt,40000
강건,2023,kt,3000
강건준,2023,NC,3000
강민균,2023,LG,3000
강민성,2023,kt,3300
강민호,2023,삼성,60000
강백호,2023,kt,55000
강병우,2023,KIA,3000
강승호,2023,두산,11500
강이준,2023,KIA,3000
강재민,2023,한화,15000
강준서,2023,삼성,3000
강진성,2023,두산,13000
강태율,2023,롯데,3300
강한울,2023,삼성,10000
강현우,2023,kt,3000
강효종,2023,LG,3000
고명성,2023,kt,3100
고봉재,2023,두산,3300
고승민,2023,롯데,3800
고영재,2023,한화,3000
고영창,2023,KIA,4200
고영표,2023,kt,30000
고우석,2023,LG,27000
고종욱,2023,KIA,7000
공민규,2023,삼성,4000
곽도규,2023,KIA,3000
곽민호,2023,LG,3000
곽빈,2023,두산,6500
구승민,2023,롯데,18100
구자욱,2023,삼성,250000
구창모,2023,NC,19000
권동혁,2023,LG,3000
권민석,2023,두산,3300
권성준,2023,kt,3000
권정웅,2023,삼성,4000
권희동,2023,NC,11000
김강률,2023,두산,22500
김강현,2023,롯데,3000
김건,2023,한화,3100
김건국,2023,KIA,6000
김건웅,2023,kt,3000
김건희,2023,키움,3000
김겸재,2023,한화,3000
김관우,2023,한화,3000
김규연,2023,한화,3000
김기연,2023,LG,3000
김기준,2023,롯데,3000
김기중,2023,한화,3900
김기훈,2023,KIA,4000
김녹원,2023,NC,3000
김단우,2023,LG,8000
김단우,2023,LG,3000
김대우,2023,삼성,12000
김대유,2023,KIA,12500
김대한,2023,두산,2700
김도규,2023,롯데,5700
김도영,2023,KIA,3000
김도월,2023,KIA,3000
김동규,2023,LG,3000
김동엽,2023,삼성,15000
김동우,2023,롯데,3100
김동욱,2023,키움,3100
김동주,2023,두산,3000
김동진,2023,삼성,0
김동헌,2023,키움,3000
김동혁,2023,키움,6000
김리안,2023,키움,3000
김명신,2023,두산,10000
김문수,2023,두산,3000
김민,2023,kt,4000
김민기,2023,한화,3000
김민석,2023,롯데,0
김민성,2023,LG,18000
김민수,2023,KIA,3000
김민수,2023,삼성,6200
김민수,2023,롯데,5300
김민수,2023,kt,11500
김민우,2023,한화,19100
김민혁,2023,두산,3200
김민혁,2023,kt,9000
김민호,2023,삼성,3000
김범석,2023,LG,3000
김범수,2023,한화,9680
김범준,2023,한화,0
김범준,2023,NC,3000
김병준,2023,kt,3000
김병희,2023,kt,4700
김사윤,2023,KIA,3200
김상민,2023,삼성,3000
김상수,2023,삼성,25000
김상수,2023,롯데,30000
김서준,2023,삼성,3000
김서진,2023,롯데,3000
김서현,2023,한화,3000
김석훈,2023,한화,3000
김선기,2023,키움,6300
김선빈,2023,KIA,45000
김선우,2023,KIA,3000
김성우,2023,LG,3000
김성욱,2023,NC,13000
김성윤,2023,삼성,3800
김성진,2023,LG,2700
김성진,2023,키움,5000
김성협,2023,LG,3000
김세민,2023,롯데,3000
김세일,2023,KIA,3000
김수윤,2023,NC,3000
김수환,2023,키움,3400
김승현,2023,KIA,5500
김시온,2023,삼성,3000
김시완,2023,두산,3000
김시훈,2023,NC,3000
김신회,2023,키움,3000
김양수,2023,KIA,3000
김영규,2023,NC,9500
김영웅,2023,삼성,3000
김영준,2023,LG,3500
김영현,2023,kt,3000
김예준,2023,한화,3000
김용완,2023,KIA,3000
김용하,2023,삼성,2800
김웅빈,2023,키움,7000
김원중,2023,롯데,28000
김유성,2023,두산,3000
김유신,2023,KIA,3700
김유영,2023,LG,4800
김윤식,2023,LG,7000
김의준,2023,LG,3000
김인태,2023,두산,14000
김인환,2023,한화,3200
김재균,2023,NC,3000
김재상,2023,삼성,3000
김재성,2023,삼성,4500
김재열,2023,KIA,3900
김재영,2023,한화,5500
김재웅,2023,키움,10400
김재유,2023,롯데,6000
김재윤,2023,kt,28000
김재현,2023,KIA,3000
김재현,2023,키움,6500
김재호,2023,두산,50000
김재환,2023,두산,150000
김정운,2023,kt,3000
김정인,2023,키움,4000
김종수,2023,한화,7900
김주섭,2023,KIA,3000
김주완,2023,LG,3000
김주원,2023,NC,6000
김주현,2023,롯데,3300
김주형,2023,키움,4500
김주환,2023,NC,3000
김준상,2023,NC,3000
김준완,2023,키움,5000
김준우,2023,삼성,3100
김준태,2023,kt,6500
김준형,2023,키움,4200
김지용,2023,두산,6000
김지찬,2023,삼성,11000
김진성,2023,LG,10000
김진욱,2023,롯데,5100
김진호,2023,NC,3000
김찬민,2023,KIA,3000
김창훈,2023,롯데,3100
김철호,2023,NC,3000
김태군,2023,삼성,20000
김태근,2023,두산,3000
김태연,2023,한화,5600
김태오,2023,kt,3400
김태우,2023,삼성,0
김태진,2023,키움,10000
김태현,2023,NC,3000
김태형,2023,LG,3200
김태훈,2023,삼성,4100
김태훈,2023,키움,19000
김택우,2023,NC,3000
김한별,2023,NC,3000
김해찬,2023,한화,3000
김헌곤,2023,삼성,18000
김현수,2023,LG,150000
김현우,2023,한화,2700
김현준,2023,삼성,3300
김혜성,2023,키움,32000
김호령,2023,KIA,6000
김호재,2023,삼성,7000
김호준,2023,두산,2700
김휘집,2023,키움,3900
나균안,2023,롯데,5800
나성범,2023,KIA,200000
나용기,2023,KIA,3000
나원탁,2023,롯데,3100
남율,2023,두산,3000
남지민,2023,한화,3300
남하준,2023,KIA,3300
노건우,2023,삼성,5800
노석진,2023,한화,3000
노수광,2023,한화,12840
노시환,2023,한화,12000
노시훈,2023,NC,3000
노운현,2023,키움,3000
노진혁,2023,NC,23000
다치바나,2023,삼성,3000
도태훈,2023,NC,4000
딜런,2023,두산,3000
러셀,2023,키움,0
렉스,2023,롯데,31370
로하스,2023,두산,3000
류승민,2023,삼성,3000
류원석,2023,한화,4000
류지혁,2023,KIA,10500
류진욱,2023,NC,7500
류현인,2023,kt,3000
류희운,2023,한화,3300
마틴,2023,NC,3000
맹성주,2023,삼성,0
메디나,2023,KIA,3000
목지훈,2023,NC,3000
문경찬,2023,롯데,9000
문동주,2023,한화,3000
문보경,2023,LG,6800
문상인,2023,kt,3200
문상준,2023,kt,3000
문상철,2023,kt,6600
문성주,2023,LG,4200
문성현,2023,키움,3500
문용익,2023,삼성,4500
문원,2023,두산,3200
문현빈,2023,한화,3000
민성우,2023,롯데,3000
민승기,2023,한화,3000
박건,2023,롯데,3000
박건우,2023,NC,190000
박경수,2023,kt,29000
박계범,2023,두산,14500
박권후,2023,삼성,3000
박대온,2023,NC,4000
박도현,2023,키움,0
박동원,2023,LG,31000
박명근,2023,LG,3000
박민석,2023,kt,3000
박민우,2023,NC,41000
박민준,2023,두산,3000
박병호,2023,kt,60000
박상원,2023,한화,9000
박석민,2023,NC,70000
박선우,2023,kt,3300
박성빈,2023,키움,3000
박성재,2023,두산,3100
박성재,2023,NC,3000
박세웅,2023,삼성,3300
박세웅,2023,롯데,26000
박세진,2023,kt,3200
박세혁,2023,두산,30000
박소준,2023,두산,4500
박수종,2023,키움,2700
박승욱,2023,롯데,3000
박승주,2023,키움,3200
박시영,2023,kt,12000
박시원,2023,삼성,3000
박시윤,2023,kt,2700
박신지,2023,두산,3100
박영빈,2023,NC,0
박영완,2023,롯데,3200
박영현,2023,kt,3000
박용민,2023,삼성,0
박유연,2023,두산,3000
박윤성,2023,키움,3000
박일훈,2023,KIA,3000
박장민,2023,삼성,3000
박재규,2023,한화,3000
박정수,2023,두산,5000
박정우,2023,KIA,3500
박정현,2023,한화,3500
박주성,2023,키움,4000
박주찬,2023,NC,0
박주혁,2023,삼성,0
박주현,2023,키움,3200
박준영,2023,두산,7000
박준영,2023,한화,3000
박준태,2023,키움,5000
박준표,2023,KIA,12500
박준혁,2023,kt,0
박진,2023,롯데,3100
박진우,2023,삼성,3000
박찬호,2023,KIA,12000
박찬희,2023,NC,3000
박치국,2023,두산,14500
박한결,2023,NC,3000
박해민,2023,LG,60000
반즈,2023,롯데,46538
배상호,2023,NC,3000
배영빈,2023,롯데,3000
배인혁,2023,롯데,3000
배재준,2023,LG,5000
배재환,2023,NC,4300
배정대,2023,kt,26000
배제성,2023,kt,27000
배창현,2023,두산,0
백선기,2023,kt,2700
백승우,2023,두산,3000
백승현,2023,LG,5000
백정현,2023,삼성,80000
백현수,2023,kt,3000
벤자민,2023,kt,23100
변시원,2023,키움,4000
변우혁,2023,KIA,3000
변헌성,2023,키움,3000
뷰캐넌,2023,삼성,110000
서건창,2023,LG,26000
서경찬,2023,kt,0
서동욱,2023,롯데,3000
서동욱,2023,NC,3000
서예일,2023,두산,3300
서유신,2023,키움,3000
서의태,2023,NC,3000
서주원,2023,삼성,0
서준교,2023,NC,3000
서준원,2023,롯데,8400
서현원,2023,삼성,3000
서호철,2023,NC,3000
석상호,2023,롯데,3000
성동현,2023,LG,3000
성재헌,2023,LG,0
성지훈,2023,한화,3000
소크라테스,2023,KIA,50000
소형준,2023,kt,20000
손동현,2023,kt,2700
손민석,2023,kt,3000
손아섭,2023,NC,150000
손주영,2023,LG,3800
손호영,2023,LG,3500
송대현,2023,LG,3000
송명기,2023,NC,13000
송민섭,2023,kt,8100
송성문,2023,키움,7500
송성훈,2023,한화,3000
송승기,2023,LG,3000
송승환,2023,두산,3000
송윤준,2023,한화,4100
송재선,2023,키움,3000
송정인,2023,키움,3000
송준석,2023,삼성,4700
송찬의,2023,LG,3000
송후섭,2023,KIA,3000
수아레즈,2023,삼성,70000
슐서,2023,kt,3000
스미스,2023,한화,3000
스트레일리,2023,롯데,90000
신민재,2023,LG,5000
신민철,2023,두산,3000
신민혁,2023,NC,12000
신범수,2023,KIA,3600
신병률,2023,kt,3100
신본기,2023,kt,11500
신성현,2023,두산,4000
신성호,2023,NC,3000
신영우,2023,NC,3000
신용석,2023,NC,3000
신용수,2023,롯데,4900
신윤호,2023,삼성,3000
신정락,2023,롯데,5400
신정환,2023,삼성,3000
신지후,2023,한화,3100
신창희,2023,두산,3000
심재민,2023,kt,8200
심창민,2023,NC,28000
안겸,2023,키움,3000
안권수,2023,롯데,4800
안승한,2023,두산,3700
안우진,2023,키움,15000
안익훈,2023,LG,5500
안재석,2023,두산,5800
안주형,2023,삼성,3300
안중열,2023,NC,6400
안치영,2023,kt,3000
안치홍,2023,롯데,100000
알칸타라,2023,두산,45000
알포드,2023,kt,47700
앤더슨,2023,KIA,3000
양경모,2023,한화,3000
양경식,2023,키움,3000
양석환,2023,두산,39000
양승혁,2023,kt,2700
양우현,2023,삼성,3300
양의지,2023,두산,100000
양지율,2023,키움,3200
양진혁,2023,LG,3000
양찬열,2023,두산,0
양창섭,2023,삼성,4700
양현,2023,키움,10000
양현종,2023,KIA,100000
엄상백,2023,kt,8000
엄태경,2023,LG,3000
엄태호,2023,롯데,3100
예진원,2023,키움,4000
오그레디,2023,한화,3000
오상원,2023,키움,3000
오석주,2023,LG,3500
오선우,2023,KIA,3500
오선진,2023,한화,7000
오세훈,2023,한화,3000
오스틴,2023,LG,3000
오승환,2023,삼성,160000
오영수,2023,NC,3000
오윤석,2023,kt,9000
오윤성,2023,키움,3000
오재일,2023,삼성,60000
오정환,2023,KIA,3100
오지환,2023,LG,60000
오태양,2023,NC,3000
오현석,2023,삼성,3000
와이드너,2023,NC,3000
요키시,2023,키움,90000
우규민,2023,삼성,20000
우승원,2023,키움,3000
우종휘,2023,kt,3000
원상훈,2023,LG,3000
원종현,2023,키움,27000
원태인,2023,삼성,30000
원혁재,2023,한화,3000
유강남,2023,롯데,27000
유로결,2023,한화,3300
유상빈,2023,한화,3000
유승철,2023,KIA,4000
유영찬,2023,LG,0
유지성,2023,KIA,0
윤강찬,2023,kt,2700
윤대경,2023,한화,9730
윤도현,2023,KIA,3000
윤동희,2023,롯데,3000
윤명준,2023,롯데,14000
윤산흠,2023,한화,3100
윤석원,2023,키움,3000
윤성빈,2023,롯데,3100
윤수녕,2023,롯데,3000
윤영철,2023,KIA,3000
윤정빈,2023,삼성,3000
윤정현,2023,키움,4100
윤정훈,2023,삼성,3000
윤준호,2023,두산,3000
윤중현,2023,KIA,6500
윤형준,2023,NC,4000
윤호솔,2023,LG,6350
이강준,2023,키움,3000
이기석,2023,두산,3000
이도윤,2023,한화,3400
이도현,2023,KIA,3000
이동관,2023,kt,3000
이명기,2023,한화,17500
이명종,2023,키움,3000
이민석,2023,롯데,3000
이민우,2023,한화,4800
이민준,2023,한화,3000
이민호,2023,LG,9800
이민호,2023,NC,10000
이병규,2023,키움,3000
이병헌,2023,삼성,3000
이병헌,2023,두산,3000
이상규,2023,LG,3700
이상민,2023,삼성,5500
이상우,2023,kt,3000
이상혁,2023,한화,3000
이상호,2023,kt,8500
이석제,2023,한화,3000
이선우,2023,kt,3000
이성곤,2023,한화,6400
이성규,2023,삼성,5000
이성원,2023,한화,3000
이성주,2023,KIA,3000
이세호,2023,키움,3000
이송찬,2023,KIA,3000
이승원,2023,키움,3000
이승진,2023,두산,11000
이승현,2023,삼성,10000
이승현,2023,삼성,5500
이승호,2023,키움,8500
이시원,2023,kt,3300
이영준,2023,키움,6000
이용규,2023,키움,40000
이용준,2023,NC,3000
이용찬,2023,NC,40000
이우석,2023,NC,3300
이우성,2023,KIA,4100
이우찬,2023,LG,5000
이원석,2023,삼성,30000
이원재,2023,두산,3000
이유찬,2023,두산,2900
이의리,2023,KIA,9000
이인복,2023,롯데,8500
이인혁,2023,NC,3000
이재민,2023,한화,3000
이재용,2023,NC,3000
이재원,2023,LG,5200
이재익,2023,삼성,3700
이재학,2023,NC,18000
이재현,2023,삼성,3000
이재홍,2023,키움,3000
이재희,2023,삼성,4000
이정용,2023,LG,5000
이정우,2023,롯데,3000
이정원,2023,두산,3000
이정재,2023,한화,3000
이정현,2023,kt,3500
이정후,2023,키움,75000
이정훈,2023,KIA,4000
이정훈,2023,kt,2700
이종민,2023,키움,3000
이종혁,2023,kt,3100
이주엽,2023,두산,3100
이주형,2023,LG,3000
이주형,2023,키움,3000
이주형,2023,NC,3000
이준명,2023,kt,3000
이준서,2023,LG,3000
이준영,2023,KIA,6700
이준혁,2023,NC,3000
이준호,2023,NC,3000
이준희,2023,kt,3000
이지강,2023,LG,3000
이지영,2023,키움,30000
이진하,2023,롯데,3000
이찬혁,2023,LG,3100
이창진,2023,KIA,7000
이채호,2023,kt,3000
이천웅,2023,LG,10000
이철민,2023,LG,3000
이충호,2023,한화,3200
이태규,2023,KIA,2700
이태양,2023,한화,12000
이태연,2023,롯데,3000
이태훈,2023,삼성,3500
이학주,2023,롯데,7000
이한,2023,NC,3000
이해승,2023,삼성,0
이현우,2023,NC,3000
이형범,2023,두산,8100
이형종,2023,LG,12000
이호성,2023,삼성,3000
이호연,2023,롯데,3000
이호열,2023,키움,3000
임기영,2023,KIA,14000
임서준,2023,두산,3000
임석진,2023,KIA,3000
임정균,2023,LG,3000
임정우,2023,LG,10500
임정호,2023,NC,10500
임지민,2023,NC,3000
임지열,2023,키움,3200
임찬규,2023,LG,20000
임창민,2023,키움,12000
임형원,2023,NC,3000
장두성,2023,롯데,3500
장민재,2023,한화,7600
장빈,2023,두산,3000
장성우,2023,kt,50000
장세진,2023,롯데,3000
장승현,2023,두산,7800
장시환,2023,한화,8700
장우진,2023,두산,3000
장운호,2023,한화,5350
장원준,2023,두산,5000
장재영,2023,키움,3100
장재혁,2023,삼성,3000
장준원,2023,kt,3800
장지수,2023,KIA,3200
장지승,2023,한화,3200
장필준,2023,삼성,12000
장현식,2023,KIA,20000
전민재,2023,두산,3200
전병우,2023,키움,7000
전사민,2023,NC,3000
전상현,2023,KIA,11000
전용주,2023,kt,2800
전준우,2023,롯데,50000
전준호,2023,LG,3200
전창민,2023,NC,3000
전형근,2023,두산,0
전희범,2023,두산,3000
정구범,2023,NC,3000
정대선,2023,롯데,3000
정대혁,2023,롯데,3000
정민규,2023,한화,3100
정보근,2023,롯데,3400
정성종,2023,롯데,4100
정수빈,2023,두산,60000
정연제,2023,키움,3000
정우람,2023,한화,80000
정우성,2023,kt,3000
정우영,2023,LG,28000
정유석,2023,두산,3000
정은원,2023,한화,19080
정이황,2023,한화,3000
정재환,2023,롯데,3000
정정우,2023,kt,3000
정주영,2023,NC,3000
정주현,2023,LG,8000
정준영,2023,kt,3000
정진기,2023,NC,5500
정진수,2023,삼성,0
정진호,2023,kt,3000
정찬헌,2023,키움,28000
정철원,2023,두산,3000
정태승,2023,롯데,3200
정해영,2023,KIA,17000
정해원,2023,KIA,3000
정현민,2023,키움,0
정훈,2023,롯데,55000
제환유,2023,두산,0
조경민,2023,롯데,3000
조대현,2023,kt,3000
조민석,2023,NC,3000
조민성,2023,삼성,3000
조병욱,2023,kt,3400
조선명,2023,두산,3000
조세진,2023,롯데,3000
조수행,2023,두산,8500
조용호,2023,kt,24000
조원태,2023,LG,3000
조이현,2023,kt,6500
조준혁,2023,롯데,3000
조현우,2023,kt,9500
조현진,2023,NC,3000
주권,2023,kt,29500
주성원,2023,키움,2700
주승빈,2023,키움,3000
주승우,2023,키움,3000
주현상,2023,한화,5080
주효상,2023,키움,4300
지강혁,2023,kt,2700
지시완,2023,롯데,6000
진승현,2023,롯데,3000
진해수,2023,LG,30000
차우찬,2023,롯데,30000
채은성,2023,한화,28000
채지선,2023,LG,4000
천보웅,2023,한화,3000
천재환,2023,NC,3000
최동환,2023,LG,6000
최동희,2023,kt,3000
최민재,2023,롯데,3200
최민창,2023,LG,3200
최보성,2023,NC,3200
최성민,2023,kt,3000
최성영,2023,NC,7200
최성훈,2023,LG,10500
최승민,2023,NC,3300
최승용,2023,두산,3500
최시혁,2023,NC,2700
최영환,2023,롯데,4700
최우재,2023,NC,3000
최원준,2023,두산,34000
최원준,2023,한화,3000
최원태,2023,키움,31000
최이준,2023,롯데,3000
최재훈,2023,한화,100000
최정용,2023,KIA,3800
최정태,2023,kt,3000
최준용,2023,롯데,10700
최준호,2023,두산,3000
최지강,2023,두산,0
최지민,2023,KIA,3000
최충연,2023,삼성,4500
최하늘,2023,삼성,3000
최현준,2023,LG,3000
최형우,2023,KIA,90000
켈리,2023,LG,90000
페냐,2023,한화,40000
페디,2023,NC,3000
플럿코,2023,LG,50000
피렐라,2023,삼성,60000
하영민,2023,키움,4000
하주석,2023,한화,20090
하준수,2023,NC,3000
하준영,2023,NC,4000
하준호,2023,kt,5000
한건희,2023,NC,3000
한경빈,2023,한화,3000
한동희,2023,롯데,17200
한서구,2023,한화,3000
한석현,2023,NC,3900
한승주,2023,한화,3000
한승택,2023,KIA,8500
한승혁,2023,한화,5300
한연욱,2023,삼성,3200
한재승,2023,NC,3000
한재환,2023,NC,3000
한준수,2023,KIA,3100
한지용,2023,kt,0
한충희,2023,두산,3000
한태양,2023,롯데,3000
한현희,2023,키움,25000
함덕주,2023,LG,12000
허경민,2023,두산,120000
허도환,2023,LG,10000
허용주,2023,LG,3000
허윤동,2023,삼성,4700
허준혁,2023,LG,3000
현도훈,2023,롯데,3200
홍건희,2023,두산,25000
홍무원,2023,삼성,3000
홍성민,2023,키움,12500
홍성호,2023,두산,3000
홍승원,2023,삼성,0
홍원기,2023,키움,7000
홍원빈,2023,KIA,3000
홍정우,2023,삼성,5300
홍종표,2023,KIA,3300
홍창기,2023,LG,32000
홍현빈,2023,kt,4000
황대인,2023,KIA,6500
황동재,2023,삼성,3100
황동하,2023,KIA,3000
황성빈,2023,롯데,0
황의준,2023,kt,3000
황재균,2023,kt,40000
후라도,2023,키움,3000
